[
{
  "model": "admin.logentry",
  "pk": 1,
  "fields": {
    "action_time": "2024-01-28T16:13:49.917Z",
    "user": 1,
    "content_type": 7,
    "object_id": "1",
    "object_repr": "RAQIB",
    "action_flag": 1,
    "change_message": "[{\"added\": {}}]"
  }
},
{
  "model": "admin.logentry",
  "pk": 2,
  "fields": {
    "action_time": "2024-01-28T16:22:43.303Z",
    "user": 1,
    "content_type": 7,
    "object_id": "2",
    "object_repr": "python",
    "action_flag": 1,
    "change_message": "[{\"added\": {}}]"
  }
},
{
  "model": "admin.logentry",
  "pk": 3,
  "fields": {
    "action_time": "2024-02-02T11:12:20.922Z",
    "user": 1,
    "content_type": 7,
    "object_id": "1",
    "object_repr": "RAQIB",
    "action_flag": 2,
    "change_message": "[{\"changed\": {\"fields\": [\"Status\"]}}]"
  }
},
{
  "model": "admin.logentry",
  "pk": 4,
  "fields": {
    "action_time": "2024-02-02T11:12:50.062Z",
    "user": 1,
    "content_type": 7,
    "object_id": "3",
    "object_repr": "post from shell",
    "action_flag": 2,
    "change_message": "[{\"changed\": {\"fields\": [\"Status\"]}}]"
  }
},
{
  "model": "admin.logentry",
  "pk": 5,
  "fields": {
    "action_time": "2024-02-23T13:13:00.637Z",
    "user": 1,
    "content_type": 7,
    "object_id": "4",
    "object_repr": "service offer",
    "action_flag": 1,
    "change_message": "[{\"added\": {}}]"
  }
},
{
  "model": "admin.logentry",
  "pk": 6,
  "fields": {
    "action_time": "2024-02-23T13:13:57.287Z",
    "user": 1,
    "content_type": 4,
    "object_id": "2",
    "object_repr": "alaeddine",
    "action_flag": 1,
    "change_message": "[{\"added\": {}}]"
  }
},
{
  "model": "admin.logentry",
  "pk": 7,
  "fields": {
    "action_time": "2024-02-23T13:14:46.730Z",
    "user": 1,
    "content_type": 7,
    "object_id": "5",
    "object_repr": "product guide",
    "action_flag": 1,
    "change_message": "[{\"added\": {}}]"
  }
},
{
  "model": "admin.logentry",
  "pk": 8,
  "fields": {
    "action_time": "2024-02-24T18:28:34.601Z",
    "user": 1,
    "content_type": 7,
    "object_id": "5",
    "object_repr": "product guide",
    "action_flag": 2,
    "change_message": "[{\"changed\": {\"fields\": [\"Status\"]}}]"
  }
},
{
  "model": "admin.logentry",
  "pk": 9,
  "fields": {
    "action_time": "2024-02-24T18:28:45.013Z",
    "user": 1,
    "content_type": 7,
    "object_id": "2",
    "object_repr": "python",
    "action_flag": 2,
    "change_message": "[{\"changed\": {\"fields\": [\"Status\"]}}]"
  }
},
{
  "model": "admin.logentry",
  "pk": 10,
  "fields": {
    "action_time": "2024-02-28T03:51:08.512Z",
    "user": 1,
    "content_type": 7,
    "object_id": "6",
    "object_repr": "enafor",
    "action_flag": 1,
    "change_message": "[{\"added\": {}}]"
  }
},
{
  "model": "admin.logentry",
  "pk": 11,
  "fields": {
    "action_time": "2024-03-02T20:01:26.205Z",
    "user": 1,
    "content_type": 8,
    "object_id": "1",
    "object_repr": "Comment by alaeddine telli on RAQIB",
    "action_flag": 1,
    "change_message": "[{\"added\": {}}]"
  }
},
{
  "model": "admin.logentry",
  "pk": 12,
  "fields": {
    "action_time": "2024-03-03T04:30:52.968Z",
    "user": 1,
    "content_type": 8,
    "object_id": "2",
    "object_repr": "Comment by RAQIB on post from shell",
    "action_flag": 2,
    "change_message": "[{\"changed\": {\"fields\": [\"Post\"]}}]"
  }
},
{
  "model": "admin.logentry",
  "pk": 13,
  "fields": {
    "action_time": "2024-03-03T18:20:58.695Z",
    "user": 1,
    "content_type": 7,
    "object_id": "2",
    "object_repr": "python",
    "action_flag": 2,
    "change_message": "[{\"changed\": {\"fields\": [\"Tags\"]}}]"
  }
},
{
  "model": "admin.logentry",
  "pk": 14,
  "fields": {
    "action_time": "2024-03-03T18:21:24.617Z",
    "user": 1,
    "content_type": 7,
    "object_id": "5",
    "object_repr": "product guide",
    "action_flag": 2,
    "change_message": "[{\"changed\": {\"fields\": [\"Tags\"]}}]"
  }
},
{
  "model": "admin.logentry",
  "pk": 15,
  "fields": {
    "action_time": "2024-03-03T18:22:26.617Z",
    "user": 1,
    "content_type": 7,
    "object_id": "2",
    "object_repr": "python",
    "action_flag": 2,
    "change_message": "[{\"changed\": {\"fields\": [\"Tags\"]}}]"
  }
},
{
  "model": "admin.logentry",
  "pk": 16,
  "fields": {
    "action_time": "2024-03-03T18:22:48.629Z",
    "user": 1,
    "content_type": 9,
    "object_id": "4",
    "object_repr": "django.programming",
    "action_flag": 3,
    "change_message": ""
  }
},
{
  "model": "admin.logentry",
  "pk": 17,
  "fields": {
    "action_time": "2024-03-04T19:52:32.172Z",
    "user": 1,
    "content_type": 11,
    "object_id": "1",
    "object_repr": "http://127.0.0.1:8000/",
    "action_flag": 2,
    "change_message": "[{\"changed\": {\"fields\": [\"Domain name\", \"Display name\"]}}]"
  }
},
{
  "model": "admin.logentry",
  "pk": 18,
  "fields": {
    "action_time": "2024-03-09T06:33:21.179Z",
    "user": 1,
    "content_type": 4,
    "object_id": "3",
    "object_repr": "rihana",
    "action_flag": 1,
    "change_message": "[{\"added\": {}}]"
  }
},
{
  "model": "admin.logentry",
  "pk": 19,
  "fields": {
    "action_time": "2024-03-09T06:33:33.704Z",
    "user": 1,
    "content_type": 4,
    "object_id": "4",
    "object_repr": "bahaeddine",
    "action_flag": 1,
    "change_message": "[{\"added\": {}}]"
  }
},
{
  "model": "admin.logentry",
  "pk": 20,
  "fields": {
    "action_time": "2024-03-09T06:33:46.738Z",
    "user": 1,
    "content_type": 4,
    "object_id": "5",
    "object_repr": "Adem",
    "action_flag": 1,
    "change_message": "[{\"added\": {}}]"
  }
},
{
  "model": "admin.logentry",
  "pk": 21,
  "fields": {
    "action_time": "2024-03-09T06:34:00.383Z",
    "user": 1,
    "content_type": 4,
    "object_id": "6",
    "object_repr": "Oussama",
    "action_flag": 1,
    "change_message": "[{\"added\": {}}]"
  }
},
{
  "model": "admin.logentry",
  "pk": 22,
  "fields": {
    "action_time": "2024-03-09T06:53:16.664Z",
    "user": 1,
    "content_type": 7,
    "object_id": "7",
    "object_repr": "Court president issue.",
    "action_flag": 2,
    "change_message": "[{\"changed\": {\"fields\": [\"Slug\", \"Body\", \"Tags\"]}}]"
  }
},
{
  "model": "admin.logentry",
  "pk": 23,
  "fields": {
    "action_time": "2024-03-09T06:53:31.679Z",
    "user": 1,
    "content_type": 7,
    "object_id": "8",
    "object_repr": "Concern between story pay.",
    "action_flag": 2,
    "change_message": "[{\"changed\": {\"fields\": [\"Slug\", \"Body\", \"Tags\"]}}]"
  }
},
{
  "model": "admin.logentry",
  "pk": 24,
  "fields": {
    "action_time": "2024-03-09T06:53:38.619Z",
    "user": 1,
    "content_type": 7,
    "object_id": "9",
    "object_repr": "Baby woman open home.",
    "action_flag": 2,
    "change_message": "[{\"changed\": {\"fields\": [\"Slug\", \"Body\", \"Tags\"]}}]"
  }
},
{
  "model": "admin.logentry",
  "pk": 25,
  "fields": {
    "action_time": "2024-03-09T06:53:48.856Z",
    "user": 1,
    "content_type": 7,
    "object_id": "10",
    "object_repr": "People term wait sport.",
    "action_flag": 2,
    "change_message": "[{\"changed\": {\"fields\": [\"Slug\", \"Body\", \"Tags\"]}}]"
  }
},
{
  "model": "admin.logentry",
  "pk": 26,
  "fields": {
    "action_time": "2024-03-09T06:53:56.202Z",
    "user": 1,
    "content_type": 7,
    "object_id": "11",
    "object_repr": "Charge what rich.",
    "action_flag": 2,
    "change_message": "[{\"changed\": {\"fields\": [\"Slug\", \"Body\", \"Tags\"]}}]"
  }
},
{
  "model": "admin.logentry",
  "pk": 27,
  "fields": {
    "action_time": "2024-03-09T06:54:05.872Z",
    "user": 1,
    "content_type": 7,
    "object_id": "12",
    "object_repr": "Memory now throw.",
    "action_flag": 2,
    "change_message": "[{\"changed\": {\"fields\": [\"Slug\", \"Body\", \"Tags\"]}}]"
  }
},
{
  "model": "admin.logentry",
  "pk": 28,
  "fields": {
    "action_time": "2024-03-09T06:54:17.030Z",
    "user": 1,
    "content_type": 7,
    "object_id": "13",
    "object_repr": "Similar various natural easy.",
    "action_flag": 2,
    "change_message": "[{\"changed\": {\"fields\": [\"Slug\", \"Body\", \"Tags\"]}}]"
  }
},
{
  "model": "admin.logentry",
  "pk": 29,
  "fields": {
    "action_time": "2024-03-09T06:54:26.527Z",
    "user": 1,
    "content_type": 7,
    "object_id": "14",
    "object_repr": "Her get character.",
    "action_flag": 2,
    "change_message": "[{\"changed\": {\"fields\": [\"Slug\", \"Body\", \"Tags\"]}}]"
  }
},
{
  "model": "admin.logentry",
  "pk": 30,
  "fields": {
    "action_time": "2024-03-09T06:54:39.664Z",
    "user": 1,
    "content_type": 7,
    "object_id": "15",
    "object_repr": "View kid book argue.",
    "action_flag": 2,
    "change_message": "[{\"changed\": {\"fields\": [\"Slug\", \"Body\", \"Tags\"]}}]"
  }
},
{
  "model": "admin.logentry",
  "pk": 31,
  "fields": {
    "action_time": "2024-03-09T06:54:50.617Z",
    "user": 1,
    "content_type": 7,
    "object_id": "16",
    "object_repr": "Yourself note onto.",
    "action_flag": 2,
    "change_message": "[{\"changed\": {\"fields\": [\"Slug\", \"Body\", \"Tags\"]}}]"
  }
},
{
  "model": "admin.logentry",
  "pk": 32,
  "fields": {
    "action_time": "2024-03-09T06:55:01.148Z",
    "user": 1,
    "content_type": 7,
    "object_id": "17",
    "object_repr": "His hope center.",
    "action_flag": 2,
    "change_message": "[{\"changed\": {\"fields\": [\"Slug\", \"Body\", \"Tags\"]}}]"
  }
},
{
  "model": "admin.logentry",
  "pk": 33,
  "fields": {
    "action_time": "2024-03-09T06:55:10.659Z",
    "user": 1,
    "content_type": 7,
    "object_id": "18",
    "object_repr": "Quite none road phone.",
    "action_flag": 2,
    "change_message": "[{\"changed\": {\"fields\": [\"Slug\", \"Body\", \"Tags\"]}}]"
  }
},
{
  "model": "admin.logentry",
  "pk": 34,
  "fields": {
    "action_time": "2024-03-09T06:55:20.292Z",
    "user": 1,
    "content_type": 7,
    "object_id": "19",
    "object_repr": "Full cause off seem.",
    "action_flag": 2,
    "change_message": "[{\"changed\": {\"fields\": [\"Slug\", \"Body\", \"Tags\"]}}]"
  }
},
{
  "model": "admin.logentry",
  "pk": 35,
  "fields": {
    "action_time": "2024-03-09T06:55:28.078Z",
    "user": 1,
    "content_type": 7,
    "object_id": "20",
    "object_repr": "Lawyer family address light.",
    "action_flag": 2,
    "change_message": "[{\"changed\": {\"fields\": [\"Slug\", \"Body\", \"Tags\"]}}]"
  }
},
{
  "model": "admin.logentry",
  "pk": 36,
  "fields": {
    "action_time": "2024-03-09T06:55:35.687Z",
    "user": 1,
    "content_type": 7,
    "object_id": "21",
    "object_repr": "New event respond matter.",
    "action_flag": 2,
    "change_message": "[{\"changed\": {\"fields\": [\"Slug\", \"Body\", \"Tags\"]}}]"
  }
},
{
  "model": "admin.logentry",
  "pk": 37,
  "fields": {
    "action_time": "2024-03-09T06:55:43.820Z",
    "user": 1,
    "content_type": 7,
    "object_id": "22",
    "object_repr": "Herself range sing card five.",
    "action_flag": 2,
    "change_message": "[{\"changed\": {\"fields\": [\"Slug\", \"Body\", \"Tags\"]}}]"
  }
},
{
  "model": "admin.logentry",
  "pk": 38,
  "fields": {
    "action_time": "2024-03-09T06:55:51.382Z",
    "user": 1,
    "content_type": 7,
    "object_id": "23",
    "object_repr": "Pressure we important.",
    "action_flag": 2,
    "change_message": "[{\"changed\": {\"fields\": [\"Slug\", \"Body\", \"Tags\"]}}]"
  }
},
{
  "model": "admin.logentry",
  "pk": 39,
  "fields": {
    "action_time": "2024-03-09T06:56:00.357Z",
    "user": 1,
    "content_type": 7,
    "object_id": "24",
    "object_repr": "Want who wonder sign.",
    "action_flag": 2,
    "change_message": "[{\"changed\": {\"fields\": [\"Slug\", \"Body\", \"Tags\"]}}]"
  }
},
{
  "model": "admin.logentry",
  "pk": 40,
  "fields": {
    "action_time": "2024-03-09T06:56:09.662Z",
    "user": 1,
    "content_type": 7,
    "object_id": "25",
    "object_repr": "Strong need executive effort.",
    "action_flag": 2,
    "change_message": "[{\"changed\": {\"fields\": [\"Slug\", \"Body\", \"Tags\"]}}]"
  }
},
{
  "model": "admin.logentry",
  "pk": 41,
  "fields": {
    "action_time": "2024-03-09T06:56:18.857Z",
    "user": 1,
    "content_type": 7,
    "object_id": "26",
    "object_repr": "Eye financial open.",
    "action_flag": 2,
    "change_message": "[{\"changed\": {\"fields\": [\"Slug\", \"Body\", \"Tags\"]}}]"
  }
},
{
  "model": "admin.logentry",
  "pk": 42,
  "fields": {
    "action_time": "2024-03-09T06:56:28.974Z",
    "user": 1,
    "content_type": 7,
    "object_id": "27",
    "object_repr": "Assume none style decade.",
    "action_flag": 2,
    "change_message": "[{\"changed\": {\"fields\": [\"Slug\", \"Body\", \"Tags\"]}}]"
  }
},
{
  "model": "admin.logentry",
  "pk": 43,
  "fields": {
    "action_time": "2024-03-09T06:56:37.494Z",
    "user": 1,
    "content_type": 7,
    "object_id": "28",
    "object_repr": "Adult fact thought large war.",
    "action_flag": 2,
    "change_message": "[{\"changed\": {\"fields\": [\"Slug\", \"Body\", \"Tags\"]}}]"
  }
},
{
  "model": "admin.logentry",
  "pk": 44,
  "fields": {
    "action_time": "2024-03-09T06:56:47.783Z",
    "user": 1,
    "content_type": 7,
    "object_id": "29",
    "object_repr": "Sound fact Mrs.",
    "action_flag": 2,
    "change_message": "[{\"changed\": {\"fields\": [\"Slug\", \"Body\", \"Tags\"]}}]"
  }
},
{
  "model": "admin.logentry",
  "pk": 45,
  "fields": {
    "action_time": "2024-03-09T06:56:57.410Z",
    "user": 1,
    "content_type": 7,
    "object_id": "30",
    "object_repr": "Put run evidence act.",
    "action_flag": 2,
    "change_message": "[{\"changed\": {\"fields\": [\"Slug\", \"Body\", \"Tags\"]}}]"
  }
},
{
  "model": "admin.logentry",
  "pk": 46,
  "fields": {
    "action_time": "2024-03-09T06:57:08.251Z",
    "user": 1,
    "content_type": 7,
    "object_id": "31",
    "object_repr": "Somebody story cold cover.",
    "action_flag": 2,
    "change_message": "[{\"changed\": {\"fields\": [\"Slug\", \"Body\", \"Tags\"]}}]"
  }
},
{
  "model": "admin.logentry",
  "pk": 47,
  "fields": {
    "action_time": "2024-03-09T06:57:16.660Z",
    "user": 1,
    "content_type": 7,
    "object_id": "32",
    "object_repr": "Weight there choose last.",
    "action_flag": 2,
    "change_message": "[{\"changed\": {\"fields\": [\"Slug\", \"Body\", \"Tags\"]}}]"
  }
},
{
  "model": "admin.logentry",
  "pk": 48,
  "fields": {
    "action_time": "2024-03-09T06:57:25.607Z",
    "user": 1,
    "content_type": 7,
    "object_id": "33",
    "object_repr": "Son indeed future.",
    "action_flag": 2,
    "change_message": "[{\"changed\": {\"fields\": [\"Slug\", \"Body\", \"Tags\"]}}]"
  }
},
{
  "model": "admin.logentry",
  "pk": 49,
  "fields": {
    "action_time": "2024-03-09T06:57:28.058Z",
    "user": 1,
    "content_type": 7,
    "object_id": "33",
    "object_repr": "Son indeed future.",
    "action_flag": 2,
    "change_message": "[]"
  }
},
{
  "model": "admin.logentry",
  "pk": 50,
  "fields": {
    "action_time": "2024-03-09T06:57:36.528Z",
    "user": 1,
    "content_type": 7,
    "object_id": "34",
    "object_repr": "Just all site crime bank.",
    "action_flag": 2,
    "change_message": "[{\"changed\": {\"fields\": [\"Slug\", \"Body\", \"Tags\"]}}]"
  }
},
{
  "model": "admin.logentry",
  "pk": 51,
  "fields": {
    "action_time": "2024-03-09T06:57:45.923Z",
    "user": 1,
    "content_type": 7,
    "object_id": "35",
    "object_repr": "However fine sell.",
    "action_flag": 2,
    "change_message": "[{\"changed\": {\"fields\": [\"Slug\", \"Body\", \"Tags\"]}}]"
  }
},
{
  "model": "admin.logentry",
  "pk": 52,
  "fields": {
    "action_time": "2024-03-09T06:57:55.090Z",
    "user": 1,
    "content_type": 7,
    "object_id": "36",
    "object_repr": "Moment apply bit between.",
    "action_flag": 2,
    "change_message": "[{\"changed\": {\"fields\": [\"Slug\", \"Body\", \"Tags\"]}}]"
  }
},
{
  "model": "admin.logentry",
  "pk": 53,
  "fields": {
    "action_time": "2024-03-09T06:58:06.299Z",
    "user": 1,
    "content_type": 7,
    "object_id": "37",
    "object_repr": "Open range option field.",
    "action_flag": 2,
    "change_message": "[{\"changed\": {\"fields\": [\"Slug\", \"Body\", \"Tags\"]}}]"
  }
},
{
  "model": "admin.logentry",
  "pk": 54,
  "fields": {
    "action_time": "2024-03-09T06:58:13.402Z",
    "user": 1,
    "content_type": 7,
    "object_id": "38",
    "object_repr": "Want purpose worry require.",
    "action_flag": 2,
    "change_message": "[{\"changed\": {\"fields\": [\"Slug\", \"Body\", \"Tags\"]}}]"
  }
},
{
  "model": "admin.logentry",
  "pk": 55,
  "fields": {
    "action_time": "2024-03-09T06:58:20.084Z",
    "user": 1,
    "content_type": 7,
    "object_id": "39",
    "object_repr": "Give evidence throughout.",
    "action_flag": 2,
    "change_message": "[{\"changed\": {\"fields\": [\"Slug\", \"Body\", \"Tags\"]}}]"
  }
},
{
  "model": "admin.logentry",
  "pk": 56,
  "fields": {
    "action_time": "2024-03-09T06:58:27.266Z",
    "user": 1,
    "content_type": 7,
    "object_id": "40",
    "object_repr": "Sister decide no them.",
    "action_flag": 2,
    "change_message": "[{\"changed\": {\"fields\": [\"Slug\", \"Body\", \"Tags\"]}}]"
  }
},
{
  "model": "admin.logentry",
  "pk": 57,
  "fields": {
    "action_time": "2024-03-09T06:58:36.392Z",
    "user": 1,
    "content_type": 7,
    "object_id": "41",
    "object_repr": "Blood improve movie.",
    "action_flag": 2,
    "change_message": "[{\"changed\": {\"fields\": [\"Slug\", \"Body\", \"Tags\"]}}]"
  }
},
{
  "model": "admin.logentry",
  "pk": 58,
  "fields": {
    "action_time": "2024-03-09T06:58:46.216Z",
    "user": 1,
    "content_type": 7,
    "object_id": "42",
    "object_repr": "Market floor idea site.",
    "action_flag": 2,
    "change_message": "[{\"changed\": {\"fields\": [\"Slug\", \"Body\", \"Tags\"]}}]"
  }
},
{
  "model": "admin.logentry",
  "pk": 59,
  "fields": {
    "action_time": "2024-03-09T06:58:53.504Z",
    "user": 1,
    "content_type": 7,
    "object_id": "43",
    "object_repr": "Show detail news night.",
    "action_flag": 2,
    "change_message": "[{\"changed\": {\"fields\": [\"Slug\", \"Body\", \"Tags\"]}}]"
  }
},
{
  "model": "admin.logentry",
  "pk": 60,
  "fields": {
    "action_time": "2024-03-09T06:59:01.117Z",
    "user": 1,
    "content_type": 7,
    "object_id": "44",
    "object_repr": "Increase should rise.",
    "action_flag": 2,
    "change_message": "[{\"changed\": {\"fields\": [\"Slug\", \"Body\", \"Tags\"]}}]"
  }
},
{
  "model": "admin.logentry",
  "pk": 61,
  "fields": {
    "action_time": "2024-03-09T06:59:10.430Z",
    "user": 1,
    "content_type": 7,
    "object_id": "45",
    "object_repr": "Role again process half save.",
    "action_flag": 2,
    "change_message": "[{\"changed\": {\"fields\": [\"Slug\", \"Body\", \"Tags\"]}}]"
  }
},
{
  "model": "admin.logentry",
  "pk": 62,
  "fields": {
    "action_time": "2024-03-09T06:59:23.759Z",
    "user": 1,
    "content_type": 7,
    "object_id": "46",
    "object_repr": "Per task by nature process.",
    "action_flag": 2,
    "change_message": "[{\"changed\": {\"fields\": [\"Slug\", \"Body\", \"Tags\"]}}]"
  }
},
{
  "model": "auth.permission",
  "pk": 1,
  "fields": {
    "name": "Can add log entry",
    "content_type": 1,
    "codename": "add_logentry"
  }
},
{
  "model": "auth.permission",
  "pk": 2,
  "fields": {
    "name": "Can change log entry",
    "content_type": 1,
    "codename": "change_logentry"
  }
},
{
  "model": "auth.permission",
  "pk": 3,
  "fields": {
    "name": "Can delete log entry",
    "content_type": 1,
    "codename": "delete_logentry"
  }
},
{
  "model": "auth.permission",
  "pk": 4,
  "fields": {
    "name": "Can view log entry",
    "content_type": 1,
    "codename": "view_logentry"
  }
},
{
  "model": "auth.permission",
  "pk": 5,
  "fields": {
    "name": "Can add permission",
    "content_type": 2,
    "codename": "add_permission"
  }
},
{
  "model": "auth.permission",
  "pk": 6,
  "fields": {
    "name": "Can change permission",
    "content_type": 2,
    "codename": "change_permission"
  }
},
{
  "model": "auth.permission",
  "pk": 7,
  "fields": {
    "name": "Can delete permission",
    "content_type": 2,
    "codename": "delete_permission"
  }
},
{
  "model": "auth.permission",
  "pk": 8,
  "fields": {
    "name": "Can view permission",
    "content_type": 2,
    "codename": "view_permission"
  }
},
{
  "model": "auth.permission",
  "pk": 9,
  "fields": {
    "name": "Can add group",
    "content_type": 3,
    "codename": "add_group"
  }
},
{
  "model": "auth.permission",
  "pk": 10,
  "fields": {
    "name": "Can change group",
    "content_type": 3,
    "codename": "change_group"
  }
},
{
  "model": "auth.permission",
  "pk": 11,
  "fields": {
    "name": "Can delete group",
    "content_type": 3,
    "codename": "delete_group"
  }
},
{
  "model": "auth.permission",
  "pk": 12,
  "fields": {
    "name": "Can view group",
    "content_type": 3,
    "codename": "view_group"
  }
},
{
  "model": "auth.permission",
  "pk": 13,
  "fields": {
    "name": "Can add user",
    "content_type": 4,
    "codename": "add_user"
  }
},
{
  "model": "auth.permission",
  "pk": 14,
  "fields": {
    "name": "Can change user",
    "content_type": 4,
    "codename": "change_user"
  }
},
{
  "model": "auth.permission",
  "pk": 15,
  "fields": {
    "name": "Can delete user",
    "content_type": 4,
    "codename": "delete_user"
  }
},
{
  "model": "auth.permission",
  "pk": 16,
  "fields": {
    "name": "Can view user",
    "content_type": 4,
    "codename": "view_user"
  }
},
{
  "model": "auth.permission",
  "pk": 17,
  "fields": {
    "name": "Can add content type",
    "content_type": 5,
    "codename": "add_contenttype"
  }
},
{
  "model": "auth.permission",
  "pk": 18,
  "fields": {
    "name": "Can change content type",
    "content_type": 5,
    "codename": "change_contenttype"
  }
},
{
  "model": "auth.permission",
  "pk": 19,
  "fields": {
    "name": "Can delete content type",
    "content_type": 5,
    "codename": "delete_contenttype"
  }
},
{
  "model": "auth.permission",
  "pk": 20,
  "fields": {
    "name": "Can view content type",
    "content_type": 5,
    "codename": "view_contenttype"
  }
},
{
  "model": "auth.permission",
  "pk": 21,
  "fields": {
    "name": "Can add session",
    "content_type": 6,
    "codename": "add_session"
  }
},
{
  "model": "auth.permission",
  "pk": 22,
  "fields": {
    "name": "Can change session",
    "content_type": 6,
    "codename": "change_session"
  }
},
{
  "model": "auth.permission",
  "pk": 23,
  "fields": {
    "name": "Can delete session",
    "content_type": 6,
    "codename": "delete_session"
  }
},
{
  "model": "auth.permission",
  "pk": 24,
  "fields": {
    "name": "Can view session",
    "content_type": 6,
    "codename": "view_session"
  }
},
{
  "model": "auth.permission",
  "pk": 25,
  "fields": {
    "name": "Can add post",
    "content_type": 7,
    "codename": "add_post"
  }
},
{
  "model": "auth.permission",
  "pk": 26,
  "fields": {
    "name": "Can change post",
    "content_type": 7,
    "codename": "change_post"
  }
},
{
  "model": "auth.permission",
  "pk": 27,
  "fields": {
    "name": "Can delete post",
    "content_type": 7,
    "codename": "delete_post"
  }
},
{
  "model": "auth.permission",
  "pk": 28,
  "fields": {
    "name": "Can view post",
    "content_type": 7,
    "codename": "view_post"
  }
},
{
  "model": "auth.permission",
  "pk": 29,
  "fields": {
    "name": "Can add comment",
    "content_type": 8,
    "codename": "add_comment"
  }
},
{
  "model": "auth.permission",
  "pk": 30,
  "fields": {
    "name": "Can change comment",
    "content_type": 8,
    "codename": "change_comment"
  }
},
{
  "model": "auth.permission",
  "pk": 31,
  "fields": {
    "name": "Can delete comment",
    "content_type": 8,
    "codename": "delete_comment"
  }
},
{
  "model": "auth.permission",
  "pk": 32,
  "fields": {
    "name": "Can view comment",
    "content_type": 8,
    "codename": "view_comment"
  }
},
{
  "model": "auth.permission",
  "pk": 33,
  "fields": {
    "name": "Can add tag",
    "content_type": 9,
    "codename": "add_tag"
  }
},
{
  "model": "auth.permission",
  "pk": 34,
  "fields": {
    "name": "Can change tag",
    "content_type": 9,
    "codename": "change_tag"
  }
},
{
  "model": "auth.permission",
  "pk": 35,
  "fields": {
    "name": "Can delete tag",
    "content_type": 9,
    "codename": "delete_tag"
  }
},
{
  "model": "auth.permission",
  "pk": 36,
  "fields": {
    "name": "Can view tag",
    "content_type": 9,
    "codename": "view_tag"
  }
},
{
  "model": "auth.permission",
  "pk": 37,
  "fields": {
    "name": "Can add tagged item",
    "content_type": 10,
    "codename": "add_taggeditem"
  }
},
{
  "model": "auth.permission",
  "pk": 38,
  "fields": {
    "name": "Can change tagged item",
    "content_type": 10,
    "codename": "change_taggeditem"
  }
},
{
  "model": "auth.permission",
  "pk": 39,
  "fields": {
    "name": "Can delete tagged item",
    "content_type": 10,
    "codename": "delete_taggeditem"
  }
},
{
  "model": "auth.permission",
  "pk": 40,
  "fields": {
    "name": "Can view tagged item",
    "content_type": 10,
    "codename": "view_taggeditem"
  }
},
{
  "model": "auth.permission",
  "pk": 41,
  "fields": {
    "name": "Can add site",
    "content_type": 11,
    "codename": "add_site"
  }
},
{
  "model": "auth.permission",
  "pk": 42,
  "fields": {
    "name": "Can change site",
    "content_type": 11,
    "codename": "change_site"
  }
},
{
  "model": "auth.permission",
  "pk": 43,
  "fields": {
    "name": "Can delete site",
    "content_type": 11,
    "codename": "delete_site"
  }
},
{
  "model": "auth.permission",
  "pk": 44,
  "fields": {
    "name": "Can view site",
    "content_type": 11,
    "codename": "view_site"
  }
},
{
  "model": "auth.user",
  "pk": 1,
  "fields": {
    "password": "pbkdf2_sha256$600000$E140r5NQRbRJxZ5N37RAoE$b6PNuqsfXullsq25yrpkLMDZmBZ+B4MI7wWwUbSKRsg=",
    "last_login": "2024-03-09T06:32:24.496Z",
    "is_superuser": true,
    "username": "admin",
    "first_name": "",
    "last_name": "",
    "email": "",
    "is_staff": true,
    "is_active": true,
    "date_joined": "2024-01-27T18:17:14.374Z",
    "groups": [],
    "user_permissions": []
  }
},
{
  "model": "auth.user",
  "pk": 2,
  "fields": {
    "password": "pbkdf2_sha256$600000$lhQCnaVCMQ61SzPuPhqhfe$e4cgwj5z1ctpBlO8Vup5H50/4yg+K6XL5WMpewpFBVg=",
    "last_login": null,
    "is_superuser": false,
    "username": "alaeddine",
    "first_name": "",
    "last_name": "",
    "email": "",
    "is_staff": false,
    "is_active": true,
    "date_joined": "2024-02-23T13:13:57.154Z",
    "groups": [],
    "user_permissions": []
  }
},
{
  "model": "auth.user",
  "pk": 3,
  "fields": {
    "password": "pbkdf2_sha256$600000$yarRDz6hT6n2x9DvyFtvLV$CjYW3Lx826wl49aFcm3X/aTUkAQhaL8Vhj3s78JPbSA=",
    "last_login": null,
    "is_superuser": false,
    "username": "rihana",
    "first_name": "",
    "last_name": "",
    "email": "",
    "is_staff": false,
    "is_active": true,
    "date_joined": "2024-03-09T06:33:21.042Z",
    "groups": [],
    "user_permissions": []
  }
},
{
  "model": "auth.user",
  "pk": 4,
  "fields": {
    "password": "pbkdf2_sha256$600000$AtffmznDUKGuUJ7V0xJ83S$/0dhV6NXEqQJKSRGkHaYNUgEo202BGt2FXn7CfbSx0c=",
    "last_login": null,
    "is_superuser": false,
    "username": "bahaeddine",
    "first_name": "",
    "last_name": "",
    "email": "",
    "is_staff": false,
    "is_active": true,
    "date_joined": "2024-03-09T06:33:33.567Z",
    "groups": [],
    "user_permissions": []
  }
},
{
  "model": "auth.user",
  "pk": 5,
  "fields": {
    "password": "pbkdf2_sha256$600000$QwZnhyhqzxJnVxLuDWuhVs$p5PIU0L281IE+ACp6RumxClmcpqJiIxG40N5aXHcU6M=",
    "last_login": null,
    "is_superuser": false,
    "username": "Adem",
    "first_name": "",
    "last_name": "",
    "email": "",
    "is_staff": false,
    "is_active": true,
    "date_joined": "2024-03-09T06:33:46.601Z",
    "groups": [],
    "user_permissions": []
  }
},
{
  "model": "auth.user",
  "pk": 6,
  "fields": {
    "password": "pbkdf2_sha256$600000$LY260C7IsPuU38uvAwTGeX$29tIDxYGcDU4qbmCTwo5Oa5Lwb/2D2Qj+D/oGwqUFXg=",
    "last_login": null,
    "is_superuser": false,
    "username": "Oussama",
    "first_name": "",
    "last_name": "",
    "email": "",
    "is_staff": false,
    "is_active": true,
    "date_joined": "2024-03-09T06:34:00.247Z",
    "groups": [],
    "user_permissions": []
  }
},
{
  "model": "contenttypes.contenttype",
  "pk": 1,
  "fields": {
    "app_label": "admin",
    "model": "logentry"
  }
},
{
  "model": "contenttypes.contenttype",
  "pk": 2,
  "fields": {
    "app_label": "auth",
    "model": "permission"
  }
},
{
  "model": "contenttypes.contenttype",
  "pk": 3,
  "fields": {
    "app_label": "auth",
    "model": "group"
  }
},
{
  "model": "contenttypes.contenttype",
  "pk": 4,
  "fields": {
    "app_label": "auth",
    "model": "user"
  }
},
{
  "model": "contenttypes.contenttype",
  "pk": 5,
  "fields": {
    "app_label": "contenttypes",
    "model": "contenttype"
  }
},
{
  "model": "contenttypes.contenttype",
  "pk": 6,
  "fields": {
    "app_label": "sessions",
    "model": "session"
  }
},
{
  "model": "contenttypes.contenttype",
  "pk": 7,
  "fields": {
    "app_label": "blog",
    "model": "post"
  }
},
{
  "model": "contenttypes.contenttype",
  "pk": 8,
  "fields": {
    "app_label": "blog",
    "model": "comment"
  }
},
{
  "model": "contenttypes.contenttype",
  "pk": 9,
  "fields": {
    "app_label": "taggit",
    "model": "tag"
  }
},
{
  "model": "contenttypes.contenttype",
  "pk": 10,
  "fields": {
    "app_label": "taggit",
    "model": "taggeditem"
  }
},
{
  "model": "contenttypes.contenttype",
  "pk": 11,
  "fields": {
    "app_label": "sites",
    "model": "site"
  }
},
{
  "model": "sessions.session",
  "pk": "23y6xf6qpna2bj51lpc2ladzne5zkb84",
  "fields": {
    "session_data": ".eJxVjDsOwjAQBe_iGlle_-KlpOcM1vqHA8iW4qRC3B0ipYD2zcx7MU_bWv028uLnxM4M2Ol3CxQfue0g3andOo-9rcsc-K7wgw5-7Sk_L4f7d1Bp1G8dQAmTgpQiJTAgIeiiFQktJpIRrdYCCk5YwFmbEVFiUcppg05FdJm9P7Q0NmA:1rVqDf:Xp_QgzlvwHBBm7TZgPvonqNKzN9brr_YoxBymbvyWyM",
    "expire_date": "2024-02-16T09:52:23.853Z"
  }
},
{
  "model": "sessions.session",
  "pk": "7hacea2chmcxdte8h60chclb8v4t1xmw",
  "fields": {
    "session_data": ".eJxVjDsOwjAQBe_iGlle_-KlpOcM1vqHA8iW4qRC3B0ipYD2zcx7MU_bWv028uLnxM4M2Ol3CxQfue0g3andOo-9rcsc-K7wgw5-7Sk_L4f7d1Bp1G8dQAmTgpQiJTAgIeiiFQktJpIRrdYCCk5YwFmbEVFiUcppg05FdJm9P7Q0NmA:1rU7fi:iW2fyypEzrJm0q2lZRo3HgCJcgnLUrmNe_wuahrlw1M",
    "expire_date": "2024-02-11T16:06:14.493Z"
  }
},
{
  "model": "sessions.session",
  "pk": "d8q42trrs9oax7xvqyp75tnc03mqbfa5",
  "fields": {
    "session_data": ".eJxVjDsOwjAQBe_iGlle_-KlpOcM1vqHA8iW4qRC3B0ipYD2zcx7MU_bWv028uLnxM4M2Ol3CxQfue0g3andOo-9rcsc-K7wgw5-7Sk_L4f7d1Bp1G8dQAmTgpQiJTAgIeiiFQktJpIRrdYCCk5YwFmbEVFiUcppg05FdJm9P7Q0NmA:1riqFs:SBe7FG84s3q0cdgwBVpsIVOO7wZGjeW0VWQsCJNUodA",
    "expire_date": "2024-03-23T06:32:24.497Z"
  }
},
{
  "model": "sessions.session",
  "pk": "emrkd2mkhjirrv3aquedkwbx11kgdnw9",
  "fields": {
    "session_data": ".eJxVjDsOwjAQBe_iGlle_-KlpOcM1vqHA8iW4qRC3B0ipYD2zcx7MU_bWv028uLnxM4M2Ol3CxQfue0g3andOo-9rcsc-K7wgw5-7Sk_L4f7d1Bp1G8dQAmTgpQiJTAgIeiiFQktJpIRrdYCCk5YwFmbEVFiUcppg05FdJm9P7Q0NmA:1rfAxb:-MJlVwCcNolQS7GqtLpZS9LTwhDudz_gbE1O_O6t-3w",
    "expire_date": "2024-03-13T03:50:23.644Z"
  }
},
{
  "model": "sessions.session",
  "pk": "t7gw137votpb0dbykm4dc983ltetqg9c",
  "fields": {
    "session_data": ".eJxVjDsOwjAQBe_iGlle_-KlpOcM1vqHA8iW4qRC3B0ipYD2zcx7MU_bWv028uLnxM4M2Ol3CxQfue0g3andOo-9rcsc-K7wgw5-7Sk_L4f7d1Bp1G8dQAmTgpQiJTAgIeiiFQktJpIRrdYCCk5YwFmbEVFiUcppg05FdJm9P7Q0NmA:1rcVn8:Vb1mpAnDx6Wf0GCZ_cr6bKAIPVICt2_PgCYfAWiyWb0",
    "expire_date": "2024-03-05T19:28:34.407Z"
  }
},
{
  "model": "blog.post",
  "pk": 1,
  "fields": {
    "title": "RAQIB",
    "slug": "raqib",
    "author": 1,
    "body": "raqib : portal access technology",
    "publish": "2024-01-28T16:13:11Z",
    "created": "2024-01-28T16:13:49.916Z",
    "updated": "2024-01-28T16:13:49.916Z",
    "status": "PU"
  }
},
{
  "model": "blog.post",
  "pk": 2,
  "fields": {
    "title": "python",
    "slug": "python",
    "author": 1,
    "body": "dsccscscscsd",
    "publish": "2024-01-28T16:22:09Z",
    "created": "2024-01-28T16:22:43.302Z",
    "updated": "2024-01-28T16:22:43.302Z",
    "status": "PU"
  }
},
{
  "model": "blog.post",
  "pk": 3,
  "fields": {
    "title": "post from shell",
    "slug": "post-from-shell",
    "author": 1,
    "body": "post from shell hhh",
    "publish": "2024-01-28T16:43:43Z",
    "created": "2024-01-28T16:43:53.550Z",
    "updated": "2024-01-28T16:43:53.550Z",
    "status": "PU"
  }
},
{
  "model": "blog.post",
  "pk": 4,
  "fields": {
    "title": "service offer",
    "slug": "service-offer",
    "author": 1,
    "body": "the service offer has been completed",
    "publish": "2024-02-23T13:12:12Z",
    "created": "2024-02-23T13:13:00.636Z",
    "updated": "2024-02-23T13:13:00.636Z",
    "status": "PU"
  }
},
{
  "model": "blog.post",
  "pk": 5,
  "fields": {
    "title": "product guide",
    "slug": "product-guide",
    "author": 2,
    "body": "product guide test test test",
    "publish": "2024-02-23T13:14:14Z",
    "created": "2024-02-23T13:14:46.729Z",
    "updated": "2024-02-23T13:14:46.729Z",
    "status": "PU"
  }
},
{
  "model": "blog.post",
  "pk": 6,
  "fields": {
    "title": "enafor",
    "slug": "enafor",
    "author": 2,
    "body": "enafor drilling company",
    "publish": "2024-02-28T03:50:38Z",
    "created": "2024-02-28T03:51:08.512Z",
    "updated": "2024-02-28T03:51:08.512Z",
    "status": "PU"
  }
},
{
  "model": "blog.post",
  "pk": 7,
  "fields": {
    "title": "Court president issue.",
    "slug": "court-president-issue",
    "author": 1,
    "body": "Herself environmental gas evening enter pull. Rise term action expert. Gas free get indicate.\r\nAppear pull method without test human. Room dinner instead. Military wall drop treat.\r\nGarden heavy suffer particularly free past moment assume. Up much part watch military investment painting. Security fine power tough.\r\nStock really thought run door act. Compare person skin us. Majority have window couple those camera.\r\nRelate face challenge way tonight management.\r\nDeal magazine partner care number at. Score ago much measure with contain fact.\r\nTreatment make why focus instead meeting somebody. Development receive company none. Address still fine myself.",
    "publish": "2024-03-09T06:35:58Z",
    "created": "2024-03-09T06:35:58.695Z",
    "updated": "2024-03-09T06:35:58.695Z",
    "status": "PU"
  }
},
{
  "model": "blog.post",
  "pk": 8,
  "fields": {
    "title": "Concern between story pay.",
    "slug": "concern-between-story-pay",
    "author": 1,
    "body": "Physical effort class respond. Call beautiful nearly national. Thus field fly join enter drug deal tend.\r\nSpring market provide food.\r\nArtist hold culture plan figure. That put along finally right where. Across road health him.\r\nStudent character life. American he blue. Participant ask pay toward feel arrive movement.\r\nHe manage defense case likely.\r\nCard fact box you understand tell. Support visit easy black wife carry.\r\nFast teach environmental clear building property. Draw lawyer each civil.\r\nWell huge buy west. Evidence as stay team. Nothing as middle respond right bring standard.\r\nEvidence above which bad call. Least agency player discover. Risk arm later.",
    "publish": "2024-03-09T06:35:58Z",
    "created": "2024-03-09T06:35:58.703Z",
    "updated": "2024-03-09T06:35:58.703Z",
    "status": "PU"
  }
},
{
  "model": "blog.post",
  "pk": 9,
  "fields": {
    "title": "Baby woman open home.",
    "slug": "baby-woman-open-home",
    "author": 2,
    "body": "Author themselves and present though theory effect. Structure idea certainly stay tree middle manager heart. Local end machine discover.\r\nProfessor read job despite nor middle. Bill feel theory citizen.\r\nImagine cold sea long. Consumer enough community image. Military in allow increase movie scene. Dinner investment would especially.\r\nLevel night gun tax can one certainly. Public story chair notice.\r\nInvolve scene city arm between challenge fear. Himself most difficult artist base.\r\nAvailable third camera agent region. Phone glass occur factor.\r\nAgo positive poor so investment force TV. Water again personal per later role. Fine operation require continue degree able improve interview.",
    "publish": "2024-03-09T06:35:58Z",
    "created": "2024-03-09T06:35:58.704Z",
    "updated": "2024-03-09T06:35:58.704Z",
    "status": "PU"
  }
},
{
  "model": "blog.post",
  "pk": 10,
  "fields": {
    "title": "People term wait sport.",
    "slug": "people-term-wait-sport",
    "author": 5,
    "body": "Model early outside million hair develop tree. Next change another the tough not.\r\nDecide her cell close argue. Dinner short method discover argue.\r\nExpert wait character. Occur evening add heavy. Drop oil account memory require.\r\nSource sister writer because bit parent. Accept under that call ever. Want laugh use run short development president.\r\nEnergy person peace already team.\r\nPoor husband section would on side. He attack benefit easy natural.\r\nImprove visit might. Across knowledge toward five help just spring.\r\nOnly step official land structure. History which among money decide pressure. About have person class hold.",
    "publish": "2024-03-09T06:35:58Z",
    "created": "2024-03-09T06:35:58.705Z",
    "updated": "2024-03-09T06:35:58.705Z",
    "status": "PU"
  }
},
{
  "model": "blog.post",
  "pk": 11,
  "fields": {
    "title": "Charge what rich.",
    "slug": "charge-what-rich",
    "author": 4,
    "body": "Somebody economy look college gun sister worker. Later light whose.\r\nTurn page cut however out responsibility. Interesting hundred maintain quality administration vote.\r\nTrip your exist story. Role out through market some able example sing. Build science measure make easy local game wonder. Morning set face.\r\nHistory explain any significant heart modern source. Its product air budget maybe system reach.\r\nPolitical whether cost. Still gas girl activity car cover these. Cut morning final a imagine officer book quality.\r\nWith seven summer apply. Push establish building factor tough suggest.\r\nExperience check hear personal. Production list company guess.",
    "publish": "2024-03-09T06:35:58Z",
    "created": "2024-03-09T06:35:58.706Z",
    "updated": "2024-03-09T06:35:58.706Z",
    "status": "PU"
  }
},
{
  "model": "blog.post",
  "pk": 12,
  "fields": {
    "title": "Memory now throw.",
    "slug": "memory-now-throw",
    "author": 6,
    "body": "Effect drug raise ahead again offer. Resource best picture get. Stand TV chair garden red name carry.\r\nPass soon often stay between herself I. Happen send always spend available want cold.\r\nModel party can nor if town. Trade lawyer together any. Year base continue.\r\nAttack base environment another worker government former. Call federal turn today provide challenge middle. Determine edge compare specific city.\r\nFather page all peace nothing finish and be. Have back southern style scientist pull. Left blood rock decide some.\r\nAnd result matter age receive. Recognize detail represent hotel of.",
    "publish": "2024-03-09T06:36:11Z",
    "created": "2024-03-09T06:36:11.482Z",
    "updated": "2024-03-09T06:36:11.482Z",
    "status": "PU"
  }
},
{
  "model": "blog.post",
  "pk": 13,
  "fields": {
    "title": "Similar various natural easy.",
    "slug": "similar-various-natural-easy",
    "author": 4,
    "body": "Professional he coach manager agree however player. Analysis help record.\r\nMain understand threat Republican my plant anything. Without standard drug. President young still debate lose stand professional.\r\nMorning particularly spend organization focus letter. Station and ago a city. He much office choice opportunity manager conference.\r\nCar compare main garden not would thought prepare. Look a wife each until.\r\nHead mention same interview respond important great. Best help want trade final.\r\nWrong fill minute local. Else way term generation.\r\nRange house add event parent machine. Summer pay each charge guy attorney bit. Political face clearly measure become store attack.",
    "publish": "2024-03-09T06:36:11Z",
    "created": "2024-03-09T06:36:11.490Z",
    "updated": "2024-03-09T06:36:11.490Z",
    "status": "PU"
  }
},
{
  "model": "blog.post",
  "pk": 14,
  "fields": {
    "title": "Her get character.",
    "slug": "her-get-character",
    "author": 4,
    "body": "Show allow hand sport should close remain. Buy color of one professional speak. Teach seven stand support never push various social.\r\nPretty major child concern. Nothing keep nature section.\r\nChair worker result still any heart little. Meeting measure mention be idea some sense.\r\nMust meeting statement project. Room arrive seem end various western positive. Prevent late save guess glass part create.\r\nSmile just fly law throughout positive hot fight. Computer measure environment name history some professional sing. Second matter teach why look.\r\nLittle run tax evidence partner.\r\nCell prove next. Old theory one north space industry. Research benefit else cause authority maybe.",
    "publish": "2024-03-09T06:36:11Z",
    "created": "2024-03-09T06:36:11.491Z",
    "updated": "2024-03-09T06:36:11.491Z",
    "status": "PU"
  }
},
{
  "model": "blog.post",
  "pk": 15,
  "fields": {
    "title": "View kid book argue.",
    "slug": "view-kid-book-argue",
    "author": 1,
    "body": "Situation debate use serve whom place senior north. Activity hot partner within if. We film little feeling.\r\nWife accept develop plan throw want fight seem. Student difficult force cover series back some.\r\nSuffer light card recognize car. Start yet side office job along. Including top assume evening.\r\nOrder season student strategy dinner never. Baby great every. Year address brother political law expert.\r\nReceive while about change maybe. Total fly yet western role.\r\nExplain imagine fight special. Mention student well summer cell billion spend. Action dark chair understand.\r\nCoach provide instead body evening hot every.",
    "publish": "2024-03-09T06:36:11Z",
    "created": "2024-03-09T06:36:11.492Z",
    "updated": "2024-03-09T06:36:11.492Z",
    "status": "PU"
  }
},
{
  "model": "blog.post",
  "pk": 16,
  "fields": {
    "title": "Yourself note onto.",
    "slug": "yourself-note-onto",
    "author": 4,
    "body": "Prepare brother throughout remember. Attorney within build benefit.\r\nIdea sense resource late. Imagine bed side pretty.\r\nDefense stage talk evening itself. Remember quality situation key goal community car.\r\nNothing letter minute manager team each make. Wonder ten list news.\r\nTable how week do support race environmental. Threat pass physical marriage career risk thought.\r\nNight ok defense usually probably continue. Yourself hospital who paper others why. Without claim difference agreement either ask.\r\nAddress run summer participant. Local physical blue point. Stage green where dinner would sister go.\r\nGovernment small they. Decade tell policy. Music catch far field me food modern.",
    "publish": "2024-03-09T06:36:11Z",
    "created": "2024-03-09T06:36:11.493Z",
    "updated": "2024-03-09T06:36:11.493Z",
    "status": "PU"
  }
},
{
  "model": "blog.post",
  "pk": 17,
  "fields": {
    "title": "His hope center.",
    "slug": "his-hope-center",
    "author": 1,
    "body": "Their woman stay measure central pull.\r\nDrive buy picture.\r\nModern industry indicate drive. Detail indeed dream democratic blue include. Person end relate record lot economic. Chair member send computer gun message attorney success.\r\nNetwork although job value whatever method in. Sea score wife design north teacher it. Enjoy government book.\r\nYour car play cause form ask. Sign court join nothing officer including of. Economy offer now stay.\r\nFilm human memory occur my never. Sign similar real free step least among. Help involve down who always half.\r\nCan car remember cultural include rather whom. Action cut state anything mind place feeling. In hundred back history.",
    "publish": "2024-03-09T06:36:11Z",
    "created": "2024-03-09T06:36:11.494Z",
    "updated": "2024-03-09T06:36:11.494Z",
    "status": "PU"
  }
},
{
  "model": "blog.post",
  "pk": 18,
  "fields": {
    "title": "Quite none road phone.",
    "slug": "quite-none-road-phone",
    "author": 5,
    "body": "Stay democratic article skin it. Report attack executive issue.\r\nFor she after do sure individual product. Office book art record song military. Then serve lot your challenge need past.\r\nThen day food put administration air hospital. Sister development total provide doctor our military home.\r\nSize fund simply design certainly record guess. Evidence Congress then test worry heart commercial. Ready increase seven see.\r\nLand authority professional night tough. Manage should director present guess finally.\r\nPublic order role operation. Face impact paper would quite bring. Morning hold land all.\r\nAsk radio head though. Call today hard example. Me great offer.",
    "publish": "2024-03-09T06:36:11Z",
    "created": "2024-03-09T06:36:11.495Z",
    "updated": "2024-03-09T06:36:11.495Z",
    "status": "PU"
  }
},
{
  "model": "blog.post",
  "pk": 19,
  "fields": {
    "title": "Full cause off seem.",
    "slug": "full-cause-off-seem",
    "author": 1,
    "body": "Nature film age. Seat marriage red see reduce improve politics.\r\nExplain dark rather take court after. Bit themselves hospital over similar offer provide. Style hair road tend.\r\nInterview design former theory late including material TV. Very drug season recently huge practice. Church type doctor rate quite middle.\r\nPm wait image bill life owner. Marriage contain even organization. Respond including away.\r\nPositive physical six also.\r\nMilitary him with natural act.\r\nGirl pressure girl much. While project anyone include employee will media. Plant nor actually opportunity week reveal.\r\nFirst chance medical.\r\nThat until big however affect report.",
    "publish": "2024-03-09T06:36:11Z",
    "created": "2024-03-09T06:36:11.496Z",
    "updated": "2024-03-09T06:36:11.496Z",
    "status": "PU"
  }
},
{
  "model": "blog.post",
  "pk": 20,
  "fields": {
    "title": "Lawyer family address light.",
    "slug": "lawyer-family-address-light",
    "author": 3,
    "body": "Else six carry bill seek seem. Through watch most. Usually buy game garden study.\r\nManagement either although become wind. Than such tough choose project room. Even college admit mind tough public physical subject. Area seem some lay.\r\nAdult list country turn. Determine away very walk. Note particular reflect source.\r\nLight technology bar oil to long visit anyone. Chair economy than technology family subject.\r\nSignificant foreign drug seek education. Arrive realize task five project look outside. Watch recently reality.\r\nThemselves agency put simply join above although.\r\nSort laugh mention later risk. Day along near finish shoulder large thought real. Upon report quickly day product far.",
    "publish": "2024-03-09T06:36:11Z",
    "created": "2024-03-09T06:36:11.497Z",
    "updated": "2024-03-09T06:36:11.497Z",
    "status": "PU"
  }
},
{
  "model": "blog.post",
  "pk": 21,
  "fields": {
    "title": "New event respond matter.",
    "slug": "new-event-respond-matter",
    "author": 5,
    "body": "Approach would tax reflect travel. Yet trouble body. Each her we next.\r\nBorn feeling ahead impact. Style become method report among dream.\r\nKitchen here bit baby source. Phone let condition occur former.\r\nWell attack capital around site painting city. Theory study year environmental speech practice. Newspaper front upon public.\r\nAdmit political carry feel moment reflect from. Anyone management church thus. Above heart make at war daughter.\r\nFew describe law would. Would whether little run boy. Base wind former own others realize capital.\r\nPractice sister eight agree for never meet if. Walk arm truth we music.\r\nOur time hot. Away like health. Decade program thus bank.",
    "publish": "2024-03-09T06:36:11Z",
    "created": "2024-03-09T06:36:11.498Z",
    "updated": "2024-03-09T06:36:11.498Z",
    "status": "PU"
  }
},
{
  "model": "blog.post",
  "pk": 22,
  "fields": {
    "title": "Herself range sing card five.",
    "slug": "herself-range-sing-card-five",
    "author": 2,
    "body": "Treat training low bad understand. Ten development realize chair. Wall office onto commercial very why member.\r\nSize plan traditional movement study own. Ever major number rule.\r\nHope finally memory. Beyond smile memory why whatever.\r\nSecond left federal your system speech. Change join nearly rich why until small. Example training single kid story.\r\nClose similar behavior each religious heavy become management. Least media unit manager. Realize indicate professional attorney former much.\r\nMouth development against call able if.\r\nVote six bag show. Loss people success those. Lead bag investment take until. Clearly determine bar home.\r\nSignificant inside billion task blood new position.",
    "publish": "2024-03-09T06:36:11Z",
    "created": "2024-03-09T06:36:11.499Z",
    "updated": "2024-03-09T06:36:11.499Z",
    "status": "PU"
  }
},
{
  "model": "blog.post",
  "pk": 23,
  "fields": {
    "title": "Pressure we important.",
    "slug": "pressure-we-important",
    "author": 2,
    "body": "Indeed his when week your system likely. Hope suffer nothing able argue entire serve of. Impact month foot could.\r\nDeal end ten stage gun thus now top. Pull tree paper reflect free. Significant threat of majority bar bring.\r\nMiss look medical more bed week view decide.\r\nPrepare fund minute soldier player. Near investment them focus. Even news natural cost season which.\r\nOne key store benefit project. Media majority three real important outside notice sister. Girl store class enjoy cell.\r\nMother feel happen remember option vote. Item teacher international out. Music live sport campaign ok visit eye.\r\nAbout physical keep now art activity. Kid public administration fund.",
    "publish": "2024-03-09T06:36:11Z",
    "created": "2024-03-09T06:36:11.500Z",
    "updated": "2024-03-09T06:36:11.500Z",
    "status": "PU"
  }
},
{
  "model": "blog.post",
  "pk": 24,
  "fields": {
    "title": "Want who wonder sign.",
    "slug": "want-who-wonder-sign",
    "author": 5,
    "body": "Practice man among national. Risk would tax stage. Up number white provide Congress like over. Ground guess official between.\r\nCondition require sound language suffer power. Draw act weight project month leg how. Maybe significant idea performance whole ball impact.\r\nCity could college system control. Writer explain person design middle. Then black into example skill. Of will admit crime meeting station.\r\nMouth race will often. Unit smile hear leader learn floor.\r\nToward feeling financial style. Home group drug travel wind hit ball.\r\nRead interview can industry remember view time. Black bring low carry state light.\r\nConference interest health. Southern term for above assume. Save could eat.",
    "publish": "2024-03-09T06:36:11Z",
    "created": "2024-03-09T06:36:11.501Z",
    "updated": "2024-03-09T06:36:11.501Z",
    "status": "PU"
  }
},
{
  "model": "blog.post",
  "pk": 25,
  "fields": {
    "title": "Strong need executive effort.",
    "slug": "strong-need-executive-effort",
    "author": 4,
    "body": "Themselves leader save find. Name management black away less. What kind present amount off part.\r\nCertain at strategy free factor single doctor mother. Great common conference big huge sea. Scientist second film.\r\nSomething baby relate knowledge already seem. Agent upon get benefit.\r\nEnd hope agent week box edge significant. Some ground prepare care. Step effort lose own today.\r\nEnvironment maintain glass yes medical month worker. Get month rule live truth available whatever.\r\nSince join type couple total hold thousand. American appear pretty.\r\nValue culture clearly few by market. Outside too important Congress pay interesting. Together herself avoid yard.\r\nInstead raise door build raise.",
    "publish": "2024-03-09T06:36:11Z",
    "created": "2024-03-09T06:36:11.502Z",
    "updated": "2024-03-09T06:36:11.502Z",
    "status": "PU"
  }
},
{
  "model": "blog.post",
  "pk": 26,
  "fields": {
    "title": "Eye financial open.",
    "slug": "eye-financial-open",
    "author": 5,
    "body": "Floor wife likely responsibility campaign amount. Doctor able hard interview state her cost.\r\nParent create without character arm system join arm. Real scene write stock enjoy.\r\nWide look dream identify. Also drop measure. Decide our report matter somebody boy. Item table upon some wish create away manage.\r\nKnowledge successful history tonight. Keep board street today also.\r\nTest material different lay thus establish. Scientist experience maintain the soldier attention. Reflect school lead why Congress.\r\nClass interest reason religious describe race. Time election into can.\r\nTeam detail court her collection source. Agency use media speech pass hair. Method structure eat until.",
    "publish": "2024-03-09T06:36:11Z",
    "created": "2024-03-09T06:36:11.503Z",
    "updated": "2024-03-09T06:36:11.503Z",
    "status": "PU"
  }
},
{
  "model": "blog.post",
  "pk": 27,
  "fields": {
    "title": "Assume none style decade.",
    "slug": "assume-none-style-decade",
    "author": 1,
    "body": "Red environmental five total.\r\nForm child court whom walk follow simply. Leg film sense to.\r\nMajority per with. Radio health expect can store find clear local.\r\nAdult once they sound teach wish participant. Trouble need others.\r\nSea conference everything effort only computer however. Line sit class.\r\nThus coach available. Very process customer whole long.\r\nHere only security both church history. Industry method size space gun third.\r\nThrough way continue indeed. Property mean agree station card practice.\r\nProduce they father second. Sell sea type decision. Tough within science.\r\nThese guess significant beyond. Defense government small remain.",
    "publish": "2024-03-09T06:36:11Z",
    "created": "2024-03-09T06:36:11.504Z",
    "updated": "2024-03-09T06:36:11.504Z",
    "status": "PU"
  }
},
{
  "model": "blog.post",
  "pk": 28,
  "fields": {
    "title": "Adult fact thought large war.",
    "slug": "adult-fact-thought-large-war",
    "author": 6,
    "body": "Sure then Mrs always.\r\nDifference bring laugh interview arrive recently minute. Artist character voice sure leg miss standard.\r\nPast ever receive leader key. Enough test animal local body democratic. Professional per address stand.\r\nStation draw all fall test total.\r\nImagine Republican eye need. End fire reflect western recently work fire. Understand never offer.\r\nHope likely thing experience. Tree political day sure middle air arm.\r\nPick support camera thus program black be. Top if trial military.\r\nSon police result bag poor. Scene identify cup face Republican set.",
    "publish": "2024-03-09T06:36:11Z",
    "created": "2024-03-09T06:36:11.505Z",
    "updated": "2024-03-09T06:36:11.505Z",
    "status": "PU"
  }
},
{
  "model": "blog.post",
  "pk": 29,
  "fields": {
    "title": "Sound fact Mrs.",
    "slug": "sound-fact-mrs",
    "author": 4,
    "body": "Home since course impact factor easy none. Skill will whom surface rule return. Old vote professor themselves in control.\r\nWhole under organization gun rather nor. Tell son very discussion computer when.\r\nEach other different during. Rest threat conference two look discuss. Forget environment song subject food art executive.\r\nCommercial under hospital and each fly question. Position policy manager country staff.\r\nSuffer lose add store other current meeting. Economic class cut night central.\r\nPick face relate measure sort claim laugh. Coach when mouth operation but.\r\nTrue measure four look without mouth. Poor cost defense. Able fact material just style.",
    "publish": "2024-03-09T06:36:11Z",
    "created": "2024-03-09T06:36:11.506Z",
    "updated": "2024-03-09T06:36:11.506Z",
    "status": "PU"
  }
},
{
  "model": "blog.post",
  "pk": 30,
  "fields": {
    "title": "Put run evidence act.",
    "slug": "put-run-evidence-act",
    "author": 3,
    "body": "Question have small store talk. War those also dog hot many cell. Serve decision everybody act.\r\nSport collection care anything garden walk without. Tell site beautiful simply fine list most hear. Instead involve save product southern good either.\r\nWind subject wrong blood single long marriage land. Support western way really more piece about record. Spend campaign later theory.\r\nTrial determine face record character star. Nice dark knowledge start beyond. Guess will officer.\r\nFriend cup thus enjoy. Last walk team yourself might cost. Article main space collection receive always.",
    "publish": "2024-03-09T06:36:11Z",
    "created": "2024-03-09T06:36:11.507Z",
    "updated": "2024-03-09T06:36:11.507Z",
    "status": "PU"
  }
},
{
  "model": "blog.post",
  "pk": 31,
  "fields": {
    "title": "Somebody story cold cover.",
    "slug": "somebody-story-cold-cover",
    "author": 4,
    "body": "Them this learn present. Laugh teach professional. Reason first start forget.\r\nWorker even possible example else amount future. Force against join. Wife project there.\r\nFree thought when authority sit action. Company letter want risk.\r\nPage keep last language impact politics all. Nearly just large forget.\r\nProbably where measure meeting speech. Speech inside star film. Crime against himself organization.\r\nPass college good wear remain three. Team able power do. Will cover sister listen us water car every.\r\nOwner always for such. Surface study have fall eight camera its. Song major activity.",
    "publish": "2024-03-09T06:36:11Z",
    "created": "2024-03-09T06:36:11.508Z",
    "updated": "2024-03-09T06:36:11.508Z",
    "status": "PU"
  }
},
{
  "model": "blog.post",
  "pk": 32,
  "fields": {
    "title": "Weight there choose last.",
    "slug": "weight-there-choose-last",
    "author": 3,
    "body": "Necessary perform especially morning. Recent I very hit.\r\nNecessary again even myself sea. Your win almost.\r\nGroup take vote building already soon. Window authority thank property. Professor exist guy career.\r\nConcern itself thing girl clearly consider. Country market it travel information point.\r\nEspecially could rest individual gas. However nothing police need could. Risk theory indicate identify attorney of drive less.\r\nQuestion thousand big talk cold resource you game. Woman blood toward special method blue. Policy growth part discussion.\r\nImagine role against eight attorney every source support. Radio feel week party ok support how.",
    "publish": "2024-03-09T06:36:11Z",
    "created": "2024-03-09T06:36:11.509Z",
    "updated": "2024-03-09T06:36:11.509Z",
    "status": "PU"
  }
},
{
  "model": "blog.post",
  "pk": 33,
  "fields": {
    "title": "Son indeed future.",
    "slug": "son-indeed-future",
    "author": 1,
    "body": "Condition long study process edge position. About rise deal despite.\r\nPoor blue pressure discuss. Drive management service cell worker hotel.\r\nCampaign change in next more. Within fear appear popular information already single. Member make nothing population camera administration.\r\nThem enough when class plant support. No mouth reflect save.\r\nInvestment air next. Sure inside data between. Generation head glass turn how.\r\nRecently today where she moment lead newspaper. Produce statement chance have rest. From bill probably real us world. During summer so wish.\r\nCitizen performance Congress over camera effect he. Course do drive various black.",
    "publish": "2024-03-09T06:36:11Z",
    "created": "2024-03-09T06:36:11.510Z",
    "updated": "2024-03-09T06:36:11.510Z",
    "status": "PU"
  }
},
{
  "model": "blog.post",
  "pk": 34,
  "fields": {
    "title": "Just all site crime bank.",
    "slug": "just-all-site-crime-bank",
    "author": 5,
    "body": "Animal three since. Paper national expect himself drive then talk. Mission center officer.\r\nSell fast risk often. Prove style low simple defense easy toward.\r\nQuite system soldier score ball light. Past treat level eat agree. Statement should ok bed husband forward. Food over today relate read work.\r\nAuthority understand worry young within. Scientist night into as. Recent value pick study memory attorney.\r\nDemocrat admit also. Your role effect type west mean writer. Fire phone think series the us. Matter high hear real reason fast.\r\nAlong start generation. Result Mr amount. Speech some serious food perhaps PM cut.\r\nGroup drive after best. Nor several participant skin cover.",
    "publish": "2024-03-09T06:36:11Z",
    "created": "2024-03-09T06:36:11.512Z",
    "updated": "2024-03-09T06:36:11.512Z",
    "status": "PU"
  }
},
{
  "model": "blog.post",
  "pk": 35,
  "fields": {
    "title": "However fine sell.",
    "slug": "however-fine-sell",
    "author": 1,
    "body": "Series safe effect spend soldier sort resource star. Scene surface factor garden. Never across step walk.\r\nMaintain commercial see relate. Pretty million remember your future media beautiful day.\r\nHome two arrive pretty kid. Herself student piece else watch president.\r\nParticularly fast stuff series available series rather.\r\nWorld research whose this how. Part TV professional hope sing course.\r\nScience him child town deal. Make together soldier. Purpose amount win development try rock.\r\nBegin quality simply team mean size conference. Her ten blue parent report enter season. College form heart maybe lose offer. World administration teacher far culture soon leg run.\r\nFour quickly choose school kind.",
    "publish": "2024-03-09T06:36:11Z",
    "created": "2024-03-09T06:36:11.513Z",
    "updated": "2024-03-09T06:36:11.513Z",
    "status": "PU"
  }
},
{
  "model": "blog.post",
  "pk": 36,
  "fields": {
    "title": "Moment apply bit between.",
    "slug": "moment-apply-bit-between",
    "author": 1,
    "body": "Family explain center under system arm economic up. But book result very. Majority heavy draw step simply power.\r\nFine apply window film for pay process edge.\r\nCandidate young positive against report. Continue director focus after.\r\nLook somebody situation. Own without able this long.\r\nFinancial TV study central look. Approach lot establish charge draw. Seven teach chance personal grow evening mind anyone. Trade speak girl late pass.\r\nBill who marriage opportunity require upon during. Turn well PM lose what including compare. Sing often under others area sound recent.",
    "publish": "2024-03-09T06:36:11Z",
    "created": "2024-03-09T06:36:11.514Z",
    "updated": "2024-03-09T06:36:11.514Z",
    "status": "PU"
  }
},
{
  "model": "blog.post",
  "pk": 37,
  "fields": {
    "title": "Open range option field.",
    "slug": "open-range-option-field",
    "author": 2,
    "body": "Television window above serious. Night forget themselves guess green drop beat. Identify wife above bit.\r\nLarge economic guess outside laugh society process. Present matter or focus move food ok up. Whether person military environment themselves.\r\nRecent law may single ago. Financial grow about commercial continue girl always. Ready task drop pay. Garden build to second local piece.\r\nHave soon central water learn couple long stop. Perform outside training little first. Gun offer cultural heart authority others long.\r\nYou who I executive. Blue station company seek threat wind begin. Her should beat ok behind compare. Read better outside improve interesting.",
    "publish": "2024-03-09T06:36:11Z",
    "created": "2024-03-09T06:36:11.515Z",
    "updated": "2024-03-09T06:36:11.515Z",
    "status": "PU"
  }
},
{
  "model": "blog.post",
  "pk": 38,
  "fields": {
    "title": "Want purpose worry require.",
    "slug": "want-purpose-worry-require",
    "author": 6,
    "body": "Pm keep store scene administration. Himself agreement way establish.\r\nHour expect process growth decision though remain. Director rise tend who. List small surface consider book.\r\nShort wide staff similar bank focus coach. Treat cause itself people whole agent.\r\nSurface shake should law talk of. Every himself question song hard culture.\r\nArm pay enter. Sister good listen themselves foreign.\r\nTest among task sing research front. Decade late court hundred often.\r\nBar get clear thank feel. Machine pretty look involve. Eight camera save late.\r\nMoney middle perform door. Occur draw north miss head point. Mr they culture who.",
    "publish": "2024-03-09T06:36:11Z",
    "created": "2024-03-09T06:36:11.516Z",
    "updated": "2024-03-09T06:36:11.516Z",
    "status": "PU"
  }
},
{
  "model": "blog.post",
  "pk": 39,
  "fields": {
    "title": "Give evidence throughout.",
    "slug": "give-evidence-throughout",
    "author": 6,
    "body": "Traditional mother record including outside fast federal. Pass wall magazine. Audience adult life change computer.\r\nElse class effort thing. Two student month else break. Time however window face explain worker street. Maintain American process beyond factor fight.\r\nDifference rule college. Detail matter the girl read.\r\nEnjoy security base machine ago. Long themselves present town. Standard door consider manage man trip close detail.\r\nImprove south present. Tonight hot agent fact choice above idea.\r\nRadio camera evidence every where responsibility fear. Reveal father thought cut skin fly.",
    "publish": "2024-03-09T06:36:11Z",
    "created": "2024-03-09T06:36:11.517Z",
    "updated": "2024-03-09T06:36:11.517Z",
    "status": "PU"
  }
},
{
  "model": "blog.post",
  "pk": 40,
  "fields": {
    "title": "Sister decide no them.",
    "slug": "sister-decide-no-them",
    "author": 4,
    "body": "Tough bar writer behavior letter general character cell. Painting trouble various so. Five quite young building.\r\nRise control back. Science song theory only foot in high. System house girl feel happen billion collection.\r\nTheory law no ground decision. Talk sense range. Investment tend growth vote.\r\nMiss Congress city world past we.\r\nSenior operation industry child. Must all debate you. Black road with rise how test small statement.\r\nOnly body foot type detail someone entire it. Fast fill film first whatever necessary. She my blue tax bad deep challenge.\r\nLeave community Democrat he bill. Become stock blood government arm town shoulder time. That project morning across door.",
    "publish": "2024-03-09T06:36:11Z",
    "created": "2024-03-09T06:36:11.518Z",
    "updated": "2024-03-09T06:36:11.518Z",
    "status": "PU"
  }
},
{
  "model": "blog.post",
  "pk": 41,
  "fields": {
    "title": "Blood improve movie.",
    "slug": "blood-improve-movie",
    "author": 4,
    "body": "System usually others chair.\r\nHigh number provide life. Reveal still wide power against clear toward. Computer only true smile wall.\r\nAlmost to each across he available single. Weight sea nor human ten.\r\nProgram serious body game them teacher anything. Garden leg first ago ahead. Meet dream part capital consumer turn effect will. Study see mean public make.\r\nGoal letter movie. Attorney wear factor among often.\r\nAccording under much whether behind loss collection. Modern bit difference. Loss region clear lead visit executive position.\r\nDoctor need join century.",
    "publish": "2024-03-09T06:36:11Z",
    "created": "2024-03-09T06:36:11.519Z",
    "updated": "2024-03-09T06:36:11.519Z",
    "status": "PU"
  }
},
{
  "model": "blog.post",
  "pk": 42,
  "fields": {
    "title": "Market floor idea site.",
    "slug": "market-floor-idea-site",
    "author": 3,
    "body": "Certainly whatever behind character forward teacher feel. Rise door economic senior individual. Population leader article accept.\r\nFly itself radio defense significant worry central. Reveal build sometimes news reason economic.\r\nEdge many lay leader leader manager voice. However bed better draw. Treat building movie visit picture.\r\nPass home happen up foot possible. Fast conference piece party. Administration about when surface. Relationship compare sometimes.\r\nTake partner every buy them front education. Door person discuss.\r\nConference section couple person law law little. Condition yourself dinner painting source physical. Trouble serve responsibility throughout could exactly.",
    "publish": "2024-03-09T06:36:11Z",
    "created": "2024-03-09T06:36:11.520Z",
    "updated": "2024-03-09T06:36:11.520Z",
    "status": "PU"
  }
},
{
  "model": "blog.post",
  "pk": 43,
  "fields": {
    "title": "Show detail news night.",
    "slug": "show-detail-news-night",
    "author": 6,
    "body": "Have hundred consider maybe respond oil along. Lawyer campaign raise building after mission picture. Ready traditional plan create space operation effect prevent.\r\nLarge able inside police perform direction thus foreign. Tax great market attorney building. Score scene thus culture.\r\nDoor pretty car summer newspaper race item. College recognize onto. Dinner ok not security still note nature audience.\r\nMe line grow high. Become call rule anyone sort.\r\nBest another lead animal difficult. According policy few natural.\r\nPolitics laugh city expect figure bad manager. Before team PM them everybody just. Then lay southern want.",
    "publish": "2024-03-09T06:36:11Z",
    "created": "2024-03-09T06:36:11.522Z",
    "updated": "2024-03-09T06:36:11.522Z",
    "status": "PU"
  }
},
{
  "model": "blog.post",
  "pk": 44,
  "fields": {
    "title": "Increase should rise.",
    "slug": "increase-should-rise",
    "author": 1,
    "body": "Enough teacher choice season knowledge. Include pressure president improve together.\r\nExecutive front understand fish. Moment debate ahead choose two sport. Miss sense security light interview officer. Customer resource seek half wide owner.\r\nBank Mrs continue half.\r\nProject national hit model matter. Another billion hour sound power month. Great section necessary scene message car.\r\nBusiness enough head order apply when include ago. Figure American address deep. Big he turn discover make foot.\r\nBecause serve against. Vote different design a.\r\nPattern only develop space. Old hundred yes base difference senior while. Window both certain pull order likely surface.",
    "publish": "2024-03-09T06:36:11Z",
    "created": "2024-03-09T06:36:11.523Z",
    "updated": "2024-03-09T06:36:11.523Z",
    "status": "PU"
  }
},
{
  "model": "blog.post",
  "pk": 45,
  "fields": {
    "title": "Role again process half save.",
    "slug": "role-again-process-half-save",
    "author": 4,
    "body": "Myself true drug artist piece career. Represent life particular anyone.\r\nOn body rise. A hotel wall cut cold social.\r\nEither security computer news right administration. Happen oil institution open. Cold each report start film country everybody.\r\nCall coach six west away whole main.\r\nRecently address most reason worker. Feeling investment beautiful shoulder hope show cost. Notice service common blue politics political.\r\nSeven continue none. However window wall son exactly. Break hard free author between agent course out.\r\nStreet way just remember agree enough act. Event top help pressure. Security opportunity level mention both ahead.",
    "publish": "2024-03-09T06:36:11Z",
    "created": "2024-03-09T06:36:11.524Z",
    "updated": "2024-03-09T06:36:11.524Z",
    "status": "PU"
  }
},
{
  "model": "blog.post",
  "pk": 46,
  "fields": {
    "title": "Per task by nature process.",
    "slug": "per-task-by-nature-process",
    "author": 5,
    "body": "Person have site something. Possible inside job out dinner responsibility a.\r\nVisit government discover pay feel hair poor.\r\nDifficult open start eat forget bring including half. Huge performance those measure firm room sport leg. Deal popular on hospital.\r\nGarden together ball determine decision sea. Loss authority quickly can ask.\r\nPoor affect off. Great our audience official. Body whom beyond. Cell go include support choose financial thank.\r\nSuch body bring return case range skill. History threat cell.\r\nCommercial view should outside others idea media. Tax eight ready usually rich. Environmental relate senior mouth administration feeling yeah. Into course young soldier song.",
    "publish": "2024-03-09T06:36:11Z",
    "created": "2024-03-09T06:36:11.525Z",
    "updated": "2024-03-09T06:36:11.525Z",
    "status": "PU"
  }
},
{
  "model": "blog.comment",
  "pk": 1,
  "fields": {
    "post": 1,
    "name": "alaeddine telli",
    "email": "telliala@gmail.com",
    "body": "this  comment i from django admin site",
    "created": "2024-03-02T20:01:26.204Z",
    "updated": "2024-03-02T20:01:26.204Z",
    "active": true
  }
},
{
  "model": "blog.comment",
  "pk": 2,
  "fields": {
    "post": 3,
    "name": "RAQIB",
    "email": "ala.telli2021@gmail.com",
    "body": "Python is the best",
    "created": "2024-03-03T04:24:45.337Z",
    "updated": "2024-03-03T04:30:52.968Z",
    "active": true
  }
},
{
  "model": "blog.comment",
  "pk": 3,
  "fields": {
    "post": 23,
    "name": "bahaeddine",
    "email": "",
    "body": "Church actually indicate scientist dog form of.",
    "created": "2024-03-09T06:36:44.799Z",
    "updated": "2024-03-09T06:36:44.799Z",
    "active": true
  }
},
{
  "model": "blog.comment",
  "pk": 4,
  "fields": {
    "post": 20,
    "name": "rihana",
    "email": "",
    "body": "Threat against build kid party fire.",
    "created": "2024-03-09T06:36:44.807Z",
    "updated": "2024-03-09T06:36:44.807Z",
    "active": true
  }
},
{
  "model": "blog.comment",
  "pk": 5,
  "fields": {
    "post": 17,
    "name": "admin",
    "email": "",
    "body": "Message sense with guy people.",
    "created": "2024-03-09T06:36:44.809Z",
    "updated": "2024-03-09T06:36:44.809Z",
    "active": true
  }
},
{
  "model": "blog.comment",
  "pk": 6,
  "fields": {
    "post": 14,
    "name": "alaeddine",
    "email": "",
    "body": "Floor exist friend most.",
    "created": "2024-03-09T06:36:44.810Z",
    "updated": "2024-03-09T06:36:44.810Z",
    "active": true
  }
},
{
  "model": "blog.comment",
  "pk": 7,
  "fields": {
    "post": 10,
    "name": "Adem",
    "email": "",
    "body": "Mouth place try. Likely various article.",
    "created": "2024-03-09T06:36:44.812Z",
    "updated": "2024-03-09T06:36:44.812Z",
    "active": true
  }
},
{
  "model": "blog.comment",
  "pk": 8,
  "fields": {
    "post": 15,
    "name": "bahaeddine",
    "email": "",
    "body": "Know power girl beyond.",
    "created": "2024-03-09T06:36:44.813Z",
    "updated": "2024-03-09T06:36:44.813Z",
    "active": true
  }
},
{
  "model": "blog.comment",
  "pk": 9,
  "fields": {
    "post": 15,
    "name": "Oussama",
    "email": "",
    "body": "Sound stop agent room public film lot.",
    "created": "2024-03-09T06:36:44.815Z",
    "updated": "2024-03-09T06:36:44.815Z",
    "active": true
  }
},
{
  "model": "blog.comment",
  "pk": 10,
  "fields": {
    "post": 19,
    "name": "admin",
    "email": "",
    "body": "Cost detail year customer base fear body.",
    "created": "2024-03-09T06:36:44.816Z",
    "updated": "2024-03-09T06:36:44.816Z",
    "active": true
  }
},
{
  "model": "blog.comment",
  "pk": 11,
  "fields": {
    "post": 21,
    "name": "Oussama",
    "email": "",
    "body": "Number sure test low. Tv peace government want.",
    "created": "2024-03-09T06:36:44.817Z",
    "updated": "2024-03-09T06:36:44.817Z",
    "active": true
  }
},
{
  "model": "blog.comment",
  "pk": 12,
  "fields": {
    "post": 41,
    "name": "admin",
    "email": "",
    "body": "Nor parent white action leg but.",
    "created": "2024-03-09T06:36:44.818Z",
    "updated": "2024-03-09T06:36:44.818Z",
    "active": true
  }
},
{
  "model": "blog.comment",
  "pk": 13,
  "fields": {
    "post": 19,
    "name": "Adem",
    "email": "",
    "body": "Someone person fund in.",
    "created": "2024-03-09T06:36:44.819Z",
    "updated": "2024-03-09T06:36:44.819Z",
    "active": true
  }
},
{
  "model": "blog.comment",
  "pk": 14,
  "fields": {
    "post": 35,
    "name": "Oussama",
    "email": "",
    "body": "Look always their name able real oil.",
    "created": "2024-03-09T06:36:44.821Z",
    "updated": "2024-03-09T06:36:44.821Z",
    "active": true
  }
},
{
  "model": "blog.comment",
  "pk": 15,
  "fields": {
    "post": 13,
    "name": "rihana",
    "email": "",
    "body": "Public court bar way teacher.",
    "created": "2024-03-09T06:36:44.822Z",
    "updated": "2024-03-09T06:36:44.822Z",
    "active": true
  }
},
{
  "model": "blog.comment",
  "pk": 16,
  "fields": {
    "post": 15,
    "name": "alaeddine",
    "email": "",
    "body": "Member very beat free.",
    "created": "2024-03-09T06:36:44.823Z",
    "updated": "2024-03-09T06:36:44.823Z",
    "active": true
  }
},
{
  "model": "blog.comment",
  "pk": 17,
  "fields": {
    "post": 8,
    "name": "admin",
    "email": "",
    "body": "Even couple behavior yourself seven.",
    "created": "2024-03-09T06:36:44.824Z",
    "updated": "2024-03-09T06:36:44.824Z",
    "active": true
  }
},
{
  "model": "blog.comment",
  "pk": 18,
  "fields": {
    "post": 6,
    "name": "alaeddine",
    "email": "",
    "body": "Pretty and clear research of likely station.",
    "created": "2024-03-09T06:36:44.826Z",
    "updated": "2024-03-09T06:36:44.826Z",
    "active": true
  }
},
{
  "model": "blog.comment",
  "pk": 19,
  "fields": {
    "post": 30,
    "name": "admin",
    "email": "",
    "body": "Across political central theory however.",
    "created": "2024-03-09T06:36:44.827Z",
    "updated": "2024-03-09T06:36:44.827Z",
    "active": true
  }
},
{
  "model": "blog.comment",
  "pk": 20,
  "fields": {
    "post": 9,
    "name": "Adem",
    "email": "",
    "body": "Field road bill education.",
    "created": "2024-03-09T06:36:44.828Z",
    "updated": "2024-03-09T06:36:44.828Z",
    "active": true
  }
},
{
  "model": "blog.comment",
  "pk": 21,
  "fields": {
    "post": 20,
    "name": "Adem",
    "email": "",
    "body": "Beat clear share development value again assume.",
    "created": "2024-03-09T06:36:44.830Z",
    "updated": "2024-03-09T06:36:44.830Z",
    "active": true
  }
},
{
  "model": "blog.comment",
  "pk": 22,
  "fields": {
    "post": 20,
    "name": "Oussama",
    "email": "",
    "body": "Stock pattern reason book manager successful.",
    "created": "2024-03-09T06:36:44.831Z",
    "updated": "2024-03-09T06:36:44.831Z",
    "active": true
  }
},
{
  "model": "blog.comment",
  "pk": 23,
  "fields": {
    "post": 24,
    "name": "admin",
    "email": "",
    "body": "Exist more purpose prevent rise once.",
    "created": "2024-03-09T06:36:44.832Z",
    "updated": "2024-03-09T06:36:44.832Z",
    "active": true
  }
},
{
  "model": "blog.comment",
  "pk": 24,
  "fields": {
    "post": 3,
    "name": "bahaeddine",
    "email": "",
    "body": "Kitchen including pay think walk provide.",
    "created": "2024-03-09T06:36:44.834Z",
    "updated": "2024-03-09T06:36:44.834Z",
    "active": true
  }
},
{
  "model": "blog.comment",
  "pk": 25,
  "fields": {
    "post": 25,
    "name": "Oussama",
    "email": "",
    "body": "Water world make. Lose bag school dog child.",
    "created": "2024-03-09T06:36:44.835Z",
    "updated": "2024-03-09T06:36:44.835Z",
    "active": true
  }
},
{
  "model": "blog.comment",
  "pk": 26,
  "fields": {
    "post": 12,
    "name": "alaeddine",
    "email": "",
    "body": "Word air look avoid. Whole cause finally.",
    "created": "2024-03-09T06:36:44.836Z",
    "updated": "2024-03-09T06:36:44.836Z",
    "active": true
  }
},
{
  "model": "blog.comment",
  "pk": 27,
  "fields": {
    "post": 16,
    "name": "bahaeddine",
    "email": "",
    "body": "Serious adult discussion discuss.",
    "created": "2024-03-09T06:36:44.838Z",
    "updated": "2024-03-09T06:36:44.838Z",
    "active": true
  }
},
{
  "model": "blog.comment",
  "pk": 28,
  "fields": {
    "post": 12,
    "name": "Oussama",
    "email": "",
    "body": "Worry firm pressure special without south.",
    "created": "2024-03-09T06:36:44.839Z",
    "updated": "2024-03-09T06:36:44.839Z",
    "active": true
  }
},
{
  "model": "blog.comment",
  "pk": 29,
  "fields": {
    "post": 23,
    "name": "bahaeddine",
    "email": "",
    "body": "Team worry morning blood statement might hour.",
    "created": "2024-03-09T06:36:44.841Z",
    "updated": "2024-03-09T06:36:44.841Z",
    "active": true
  }
},
{
  "model": "blog.comment",
  "pk": 30,
  "fields": {
    "post": 16,
    "name": "alaeddine",
    "email": "",
    "body": "She next couple quality have attorney read.",
    "created": "2024-03-09T06:36:44.843Z",
    "updated": "2024-03-09T06:36:44.843Z",
    "active": true
  }
},
{
  "model": "blog.comment",
  "pk": 31,
  "fields": {
    "post": 27,
    "name": "rihana",
    "email": "",
    "body": "Walk care leader miss structure.",
    "created": "2024-03-09T06:36:44.844Z",
    "updated": "2024-03-09T06:36:44.844Z",
    "active": true
  }
},
{
  "model": "blog.comment",
  "pk": 32,
  "fields": {
    "post": 18,
    "name": "rihana",
    "email": "",
    "body": "Civil decade show common tend the.",
    "created": "2024-03-09T06:36:44.846Z",
    "updated": "2024-03-09T06:36:44.846Z",
    "active": true
  }
},
{
  "model": "blog.comment",
  "pk": 33,
  "fields": {
    "post": 18,
    "name": "rihana",
    "email": "",
    "body": "Hotel only out say.",
    "created": "2024-03-09T06:36:44.847Z",
    "updated": "2024-03-09T06:36:44.847Z",
    "active": true
  }
},
{
  "model": "blog.comment",
  "pk": 34,
  "fields": {
    "post": 6,
    "name": "Oussama",
    "email": "",
    "body": "Outside middle song.",
    "created": "2024-03-09T06:36:44.848Z",
    "updated": "2024-03-09T06:36:44.848Z",
    "active": true
  }
},
{
  "model": "blog.comment",
  "pk": 35,
  "fields": {
    "post": 21,
    "name": "alaeddine",
    "email": "",
    "body": "Piece wear join determine community member above.",
    "created": "2024-03-09T06:36:44.849Z",
    "updated": "2024-03-09T06:36:44.849Z",
    "active": true
  }
},
{
  "model": "blog.comment",
  "pk": 36,
  "fields": {
    "post": 32,
    "name": "Adem",
    "email": "",
    "body": "Machine still degree.",
    "created": "2024-03-09T06:36:44.850Z",
    "updated": "2024-03-09T06:36:44.850Z",
    "active": true
  }
},
{
  "model": "blog.comment",
  "pk": 37,
  "fields": {
    "post": 8,
    "name": "Adem",
    "email": "",
    "body": "Let list will long sport media put.",
    "created": "2024-03-09T06:36:44.852Z",
    "updated": "2024-03-09T06:36:44.852Z",
    "active": true
  }
},
{
  "model": "blog.comment",
  "pk": 38,
  "fields": {
    "post": 22,
    "name": "bahaeddine",
    "email": "",
    "body": "Woman behavior true see sport.",
    "created": "2024-03-09T06:36:44.853Z",
    "updated": "2024-03-09T06:36:44.853Z",
    "active": true
  }
},
{
  "model": "blog.comment",
  "pk": 39,
  "fields": {
    "post": 12,
    "name": "bahaeddine",
    "email": "",
    "body": "Onto key us.",
    "created": "2024-03-09T06:36:44.854Z",
    "updated": "2024-03-09T06:36:44.854Z",
    "active": true
  }
},
{
  "model": "blog.comment",
  "pk": 40,
  "fields": {
    "post": 6,
    "name": "Oussama",
    "email": "",
    "body": "Machine boy opportunity window.",
    "created": "2024-03-09T06:36:44.855Z",
    "updated": "2024-03-09T06:36:44.855Z",
    "active": true
  }
},
{
  "model": "blog.comment",
  "pk": 41,
  "fields": {
    "post": 13,
    "name": "rihana",
    "email": "",
    "body": "Realize serious prove you recognize upon.",
    "created": "2024-03-09T06:36:44.857Z",
    "updated": "2024-03-09T06:36:44.857Z",
    "active": true
  }
},
{
  "model": "blog.comment",
  "pk": 42,
  "fields": {
    "post": 18,
    "name": "admin",
    "email": "",
    "body": "Material entire tough yard.",
    "created": "2024-03-09T06:36:44.858Z",
    "updated": "2024-03-09T06:36:44.858Z",
    "active": true
  }
},
{
  "model": "blog.comment",
  "pk": 43,
  "fields": {
    "post": 30,
    "name": "rihana",
    "email": "",
    "body": "Maybe tree it face into.",
    "created": "2024-03-09T06:36:44.859Z",
    "updated": "2024-03-09T06:36:44.859Z",
    "active": true
  }
},
{
  "model": "blog.comment",
  "pk": 44,
  "fields": {
    "post": 17,
    "name": "alaeddine",
    "email": "",
    "body": "Large cultural relate everyone property young.",
    "created": "2024-03-09T06:36:44.860Z",
    "updated": "2024-03-09T06:36:44.860Z",
    "active": true
  }
},
{
  "model": "blog.comment",
  "pk": 45,
  "fields": {
    "post": 32,
    "name": "Adem",
    "email": "",
    "body": "Exactly work home very a product under quickly.",
    "created": "2024-03-09T06:36:44.862Z",
    "updated": "2024-03-09T06:36:44.862Z",
    "active": true
  }
},
{
  "model": "blog.comment",
  "pk": 46,
  "fields": {
    "post": 25,
    "name": "bahaeddine",
    "email": "",
    "body": "Soldier skill then peace either.",
    "created": "2024-03-09T06:36:44.863Z",
    "updated": "2024-03-09T06:36:44.863Z",
    "active": true
  }
},
{
  "model": "blog.comment",
  "pk": 47,
  "fields": {
    "post": 19,
    "name": "Adem",
    "email": "",
    "body": "Might want show billion.",
    "created": "2024-03-09T06:36:44.864Z",
    "updated": "2024-03-09T06:36:44.864Z",
    "active": true
  }
},
{
  "model": "blog.comment",
  "pk": 48,
  "fields": {
    "post": 26,
    "name": "admin",
    "email": "",
    "body": "Less early recognize artist surface air.",
    "created": "2024-03-09T06:36:44.865Z",
    "updated": "2024-03-09T06:36:44.865Z",
    "active": true
  }
},
{
  "model": "blog.comment",
  "pk": 49,
  "fields": {
    "post": 20,
    "name": "bahaeddine",
    "email": "",
    "body": "Employee seek pay drop network back.",
    "created": "2024-03-09T06:36:44.866Z",
    "updated": "2024-03-09T06:36:44.866Z",
    "active": true
  }
},
{
  "model": "blog.comment",
  "pk": 50,
  "fields": {
    "post": 25,
    "name": "Adem",
    "email": "",
    "body": "Network research term take boy.",
    "created": "2024-03-09T06:36:44.867Z",
    "updated": "2024-03-09T06:36:44.867Z",
    "active": true
  }
},
{
  "model": "blog.comment",
  "pk": 51,
  "fields": {
    "post": 2,
    "name": "bahaeddine",
    "email": "",
    "body": "Sound pass major listen few.",
    "created": "2024-03-09T06:36:44.869Z",
    "updated": "2024-03-09T06:36:44.869Z",
    "active": true
  }
},
{
  "model": "blog.comment",
  "pk": 52,
  "fields": {
    "post": 31,
    "name": "alaeddine",
    "email": "",
    "body": "Major maybe stop while.",
    "created": "2024-03-09T06:36:44.870Z",
    "updated": "2024-03-09T06:36:44.870Z",
    "active": true
  }
},
{
  "model": "blog.comment",
  "pk": 53,
  "fields": {
    "post": 26,
    "name": "rihana",
    "email": "",
    "body": "Soon popular here order full owner.",
    "created": "2024-03-09T06:36:44.871Z",
    "updated": "2024-03-09T06:36:44.871Z",
    "active": true
  }
},
{
  "model": "blog.comment",
  "pk": 54,
  "fields": {
    "post": 6,
    "name": "Oussama",
    "email": "",
    "body": "Clearly history loss. Ask country as oil occur.",
    "created": "2024-03-09T06:36:44.872Z",
    "updated": "2024-03-09T06:36:44.872Z",
    "active": true
  }
},
{
  "model": "blog.comment",
  "pk": 55,
  "fields": {
    "post": 2,
    "name": "alaeddine",
    "email": "",
    "body": "Pull return real suffer thought.",
    "created": "2024-03-09T06:36:44.873Z",
    "updated": "2024-03-09T06:36:44.873Z",
    "active": true
  }
},
{
  "model": "blog.comment",
  "pk": 56,
  "fields": {
    "post": 19,
    "name": "admin",
    "email": "",
    "body": "Democrat tell democratic specific well born.",
    "created": "2024-03-09T06:36:44.874Z",
    "updated": "2024-03-09T06:36:44.874Z",
    "active": true
  }
},
{
  "model": "blog.comment",
  "pk": 57,
  "fields": {
    "post": 5,
    "name": "alaeddine",
    "email": "",
    "body": "Or glass myself hair choice this room.",
    "created": "2024-03-09T06:36:44.875Z",
    "updated": "2024-03-09T06:36:44.875Z",
    "active": true
  }
},
{
  "model": "blog.comment",
  "pk": 58,
  "fields": {
    "post": 15,
    "name": "Oussama",
    "email": "",
    "body": "Particular gun various industry should defense.",
    "created": "2024-03-09T06:36:44.876Z",
    "updated": "2024-03-09T06:36:44.876Z",
    "active": true
  }
},
{
  "model": "blog.comment",
  "pk": 59,
  "fields": {
    "post": 20,
    "name": "bahaeddine",
    "email": "",
    "body": "Mrs account word entire.",
    "created": "2024-03-09T06:36:44.877Z",
    "updated": "2024-03-09T06:36:44.877Z",
    "active": true
  }
},
{
  "model": "blog.comment",
  "pk": 60,
  "fields": {
    "post": 42,
    "name": "Oussama",
    "email": "",
    "body": "Sea ask against growth.",
    "created": "2024-03-09T06:36:44.878Z",
    "updated": "2024-03-09T06:36:44.878Z",
    "active": true
  }
},
{
  "model": "blog.comment",
  "pk": 61,
  "fields": {
    "post": 8,
    "name": "admin",
    "email": "",
    "body": "Eye wear its hair show protect change.",
    "created": "2024-03-09T06:36:44.879Z",
    "updated": "2024-03-09T06:36:44.879Z",
    "active": true
  }
},
{
  "model": "blog.comment",
  "pk": 62,
  "fields": {
    "post": 3,
    "name": "alaeddine",
    "email": "",
    "body": "Sound last under walk place live.",
    "created": "2024-03-09T06:36:44.880Z",
    "updated": "2024-03-09T06:36:44.880Z",
    "active": true
  }
},
{
  "model": "blog.comment",
  "pk": 63,
  "fields": {
    "post": 7,
    "name": "Oussama",
    "email": "",
    "body": "Major thousand radio animal.",
    "created": "2024-03-09T06:36:44.881Z",
    "updated": "2024-03-09T06:36:44.881Z",
    "active": true
  }
},
{
  "model": "blog.comment",
  "pk": 64,
  "fields": {
    "post": 27,
    "name": "alaeddine",
    "email": "",
    "body": "If get system dark already miss.",
    "created": "2024-03-09T06:36:44.882Z",
    "updated": "2024-03-09T06:36:44.882Z",
    "active": true
  }
},
{
  "model": "blog.comment",
  "pk": 65,
  "fields": {
    "post": 35,
    "name": "Adem",
    "email": "",
    "body": "But move character behind.",
    "created": "2024-03-09T06:36:44.883Z",
    "updated": "2024-03-09T06:36:44.883Z",
    "active": true
  }
},
{
  "model": "blog.comment",
  "pk": 66,
  "fields": {
    "post": 17,
    "name": "Adem",
    "email": "",
    "body": "Forward individual method general.",
    "created": "2024-03-09T06:36:44.884Z",
    "updated": "2024-03-09T06:36:44.884Z",
    "active": true
  }
},
{
  "model": "blog.comment",
  "pk": 67,
  "fields": {
    "post": 19,
    "name": "Oussama",
    "email": "",
    "body": "Goal purpose need probably. Say land oil prepare.",
    "created": "2024-03-09T06:36:44.885Z",
    "updated": "2024-03-09T06:36:44.885Z",
    "active": true
  }
},
{
  "model": "blog.comment",
  "pk": 68,
  "fields": {
    "post": 21,
    "name": "Adem",
    "email": "",
    "body": "Personal food born only point great.",
    "created": "2024-03-09T06:36:44.887Z",
    "updated": "2024-03-09T06:36:44.887Z",
    "active": true
  }
},
{
  "model": "blog.comment",
  "pk": 69,
  "fields": {
    "post": 38,
    "name": "Adem",
    "email": "",
    "body": "My face unit be. My big create special.",
    "created": "2024-03-09T06:36:44.888Z",
    "updated": "2024-03-09T06:36:44.888Z",
    "active": true
  }
},
{
  "model": "blog.comment",
  "pk": 70,
  "fields": {
    "post": 31,
    "name": "Adem",
    "email": "",
    "body": "Pass image heart show former turn.",
    "created": "2024-03-09T06:36:44.889Z",
    "updated": "2024-03-09T06:36:44.889Z",
    "active": true
  }
},
{
  "model": "blog.comment",
  "pk": 71,
  "fields": {
    "post": 4,
    "name": "bahaeddine",
    "email": "",
    "body": "Anyone marriage fine fish century.",
    "created": "2024-03-09T06:36:44.891Z",
    "updated": "2024-03-09T06:36:44.891Z",
    "active": true
  }
},
{
  "model": "blog.comment",
  "pk": 72,
  "fields": {
    "post": 17,
    "name": "rihana",
    "email": "",
    "body": "Speech reach week thank head.",
    "created": "2024-03-09T06:36:44.892Z",
    "updated": "2024-03-09T06:36:44.892Z",
    "active": true
  }
},
{
  "model": "blog.comment",
  "pk": 73,
  "fields": {
    "post": 15,
    "name": "bahaeddine",
    "email": "",
    "body": "Stage course house else several others.",
    "created": "2024-03-09T06:36:44.893Z",
    "updated": "2024-03-09T06:36:44.893Z",
    "active": true
  }
},
{
  "model": "blog.comment",
  "pk": 74,
  "fields": {
    "post": 16,
    "name": "admin",
    "email": "",
    "body": "Worry pretty occur character.",
    "created": "2024-03-09T06:36:44.894Z",
    "updated": "2024-03-09T06:36:44.894Z",
    "active": true
  }
},
{
  "model": "blog.comment",
  "pk": 75,
  "fields": {
    "post": 21,
    "name": "admin",
    "email": "",
    "body": "Music mean produce hotel.",
    "created": "2024-03-09T06:36:44.895Z",
    "updated": "2024-03-09T06:36:44.895Z",
    "active": true
  }
},
{
  "model": "blog.comment",
  "pk": 76,
  "fields": {
    "post": 7,
    "name": "rihana",
    "email": "",
    "body": "Level like share more.",
    "created": "2024-03-09T06:36:44.897Z",
    "updated": "2024-03-09T06:36:44.897Z",
    "active": true
  }
},
{
  "model": "blog.comment",
  "pk": 77,
  "fields": {
    "post": 21,
    "name": "bahaeddine",
    "email": "",
    "body": "Base improve plan enough.",
    "created": "2024-03-09T06:36:44.898Z",
    "updated": "2024-03-09T06:36:44.898Z",
    "active": true
  }
},
{
  "model": "blog.comment",
  "pk": 78,
  "fields": {
    "post": 37,
    "name": "alaeddine",
    "email": "",
    "body": "Car Mrs ahead center. Rise four future north.",
    "created": "2024-03-09T06:36:44.899Z",
    "updated": "2024-03-09T06:36:44.899Z",
    "active": true
  }
},
{
  "model": "blog.comment",
  "pk": 79,
  "fields": {
    "post": 4,
    "name": "Adem",
    "email": "",
    "body": "Big coach force.",
    "created": "2024-03-09T06:36:44.901Z",
    "updated": "2024-03-09T06:36:44.901Z",
    "active": true
  }
},
{
  "model": "blog.comment",
  "pk": 80,
  "fields": {
    "post": 33,
    "name": "rihana",
    "email": "",
    "body": "Garden chair some method management specific.",
    "created": "2024-03-09T06:36:44.902Z",
    "updated": "2024-03-09T06:36:44.902Z",
    "active": true
  }
},
{
  "model": "blog.comment",
  "pk": 81,
  "fields": {
    "post": 30,
    "name": "bahaeddine",
    "email": "",
    "body": "Try town deal choose vote pick.",
    "created": "2024-03-09T06:36:44.903Z",
    "updated": "2024-03-09T06:36:44.903Z",
    "active": true
  }
},
{
  "model": "blog.comment",
  "pk": 82,
  "fields": {
    "post": 12,
    "name": "bahaeddine",
    "email": "",
    "body": "Find of result writer free question deal.",
    "created": "2024-03-09T06:36:44.904Z",
    "updated": "2024-03-09T06:36:44.904Z",
    "active": true
  }
},
{
  "model": "blog.comment",
  "pk": 83,
  "fields": {
    "post": 41,
    "name": "rihana",
    "email": "",
    "body": "Care wear data song hour. As travel kid exist.",
    "created": "2024-03-09T06:36:44.906Z",
    "updated": "2024-03-09T06:36:44.906Z",
    "active": true
  }
},
{
  "model": "blog.comment",
  "pk": 84,
  "fields": {
    "post": 24,
    "name": "rihana",
    "email": "",
    "body": "Little these on draw moment spend.",
    "created": "2024-03-09T06:36:44.907Z",
    "updated": "2024-03-09T06:36:44.907Z",
    "active": true
  }
},
{
  "model": "blog.comment",
  "pk": 85,
  "fields": {
    "post": 9,
    "name": "rihana",
    "email": "",
    "body": "Break available parent everybody visit catch.",
    "created": "2024-03-09T06:36:44.908Z",
    "updated": "2024-03-09T06:36:44.908Z",
    "active": true
  }
},
{
  "model": "blog.comment",
  "pk": 86,
  "fields": {
    "post": 14,
    "name": "admin",
    "email": "",
    "body": "Run old maybe big upon fund.",
    "created": "2024-03-09T06:36:44.909Z",
    "updated": "2024-03-09T06:36:44.909Z",
    "active": true
  }
},
{
  "model": "blog.comment",
  "pk": 87,
  "fields": {
    "post": 9,
    "name": "admin",
    "email": "",
    "body": "First movie government she season buy.",
    "created": "2024-03-09T06:36:44.910Z",
    "updated": "2024-03-09T06:36:44.910Z",
    "active": true
  }
},
{
  "model": "blog.comment",
  "pk": 88,
  "fields": {
    "post": 17,
    "name": "admin",
    "email": "",
    "body": "Citizen really bank hear tough.",
    "created": "2024-03-09T06:36:44.911Z",
    "updated": "2024-03-09T06:36:44.911Z",
    "active": true
  }
},
{
  "model": "blog.comment",
  "pk": 89,
  "fields": {
    "post": 31,
    "name": "Oussama",
    "email": "",
    "body": "Role or assume reach. List study meet boy fine.",
    "created": "2024-03-09T06:36:44.913Z",
    "updated": "2024-03-09T06:36:44.913Z",
    "active": true
  }
},
{
  "model": "blog.comment",
  "pk": 90,
  "fields": {
    "post": 5,
    "name": "bahaeddine",
    "email": "",
    "body": "This help crime gun television.",
    "created": "2024-03-09T06:36:44.915Z",
    "updated": "2024-03-09T06:36:44.915Z",
    "active": true
  }
},
{
  "model": "blog.comment",
  "pk": 91,
  "fields": {
    "post": 14,
    "name": "Oussama",
    "email": "",
    "body": "Politics fish much why Congress believe which.",
    "created": "2024-03-09T06:36:44.916Z",
    "updated": "2024-03-09T06:36:44.916Z",
    "active": true
  }
},
{
  "model": "blog.comment",
  "pk": 92,
  "fields": {
    "post": 1,
    "name": "alaeddine",
    "email": "",
    "body": "Lead Democrat unit short successful.",
    "created": "2024-03-09T06:36:44.918Z",
    "updated": "2024-03-09T06:36:44.918Z",
    "active": true
  }
},
{
  "model": "blog.comment",
  "pk": 93,
  "fields": {
    "post": 24,
    "name": "admin",
    "email": "",
    "body": "Skin he close against sing.",
    "created": "2024-03-09T06:36:44.919Z",
    "updated": "2024-03-09T06:36:44.919Z",
    "active": true
  }
},
{
  "model": "blog.comment",
  "pk": 94,
  "fields": {
    "post": 20,
    "name": "bahaeddine",
    "email": "",
    "body": "Make nor two enter minute low.",
    "created": "2024-03-09T06:36:44.921Z",
    "updated": "2024-03-09T06:36:44.921Z",
    "active": true
  }
},
{
  "model": "blog.comment",
  "pk": 95,
  "fields": {
    "post": 19,
    "name": "alaeddine",
    "email": "",
    "body": "I trial than personal generation result note.",
    "created": "2024-03-09T06:36:44.922Z",
    "updated": "2024-03-09T06:36:44.922Z",
    "active": true
  }
},
{
  "model": "blog.comment",
  "pk": 96,
  "fields": {
    "post": 7,
    "name": "rihana",
    "email": "",
    "body": "Director from town.",
    "created": "2024-03-09T06:36:44.924Z",
    "updated": "2024-03-09T06:36:44.924Z",
    "active": true
  }
},
{
  "model": "blog.comment",
  "pk": 97,
  "fields": {
    "post": 8,
    "name": "bahaeddine",
    "email": "",
    "body": "Glass southern somebody party son stock.",
    "created": "2024-03-09T06:36:44.925Z",
    "updated": "2024-03-09T06:36:44.925Z",
    "active": true
  }
},
{
  "model": "blog.comment",
  "pk": 98,
  "fields": {
    "post": 23,
    "name": "Oussama",
    "email": "",
    "body": "While identify south show heavy fund choose.",
    "created": "2024-03-09T06:36:44.927Z",
    "updated": "2024-03-09T06:36:44.927Z",
    "active": true
  }
},
{
  "model": "blog.comment",
  "pk": 99,
  "fields": {
    "post": 22,
    "name": "admin",
    "email": "",
    "body": "Wish today unit green.",
    "created": "2024-03-09T06:36:44.928Z",
    "updated": "2024-03-09T06:36:44.928Z",
    "active": true
  }
},
{
  "model": "blog.comment",
  "pk": 100,
  "fields": {
    "post": 36,
    "name": "admin",
    "email": "",
    "body": "Place explain across tend central deep provide.",
    "created": "2024-03-09T06:36:44.930Z",
    "updated": "2024-03-09T06:36:44.930Z",
    "active": true
  }
},
{
  "model": "blog.comment",
  "pk": 101,
  "fields": {
    "post": 13,
    "name": "rihana",
    "email": "",
    "body": "Who require those pick pattern sound door.",
    "created": "2024-03-09T06:36:44.931Z",
    "updated": "2024-03-09T06:36:44.931Z",
    "active": true
  }
},
{
  "model": "blog.comment",
  "pk": 102,
  "fields": {
    "post": 14,
    "name": "Adem",
    "email": "",
    "body": "Focus also analysis.",
    "created": "2024-03-09T06:36:44.933Z",
    "updated": "2024-03-09T06:36:44.933Z",
    "active": true
  }
},
{
  "model": "taggit.tag",
  "pk": 1,
  "fields": {
    "name": "music",
    "slug": "music"
  }
},
{
  "model": "taggit.tag",
  "pk": 2,
  "fields": {
    "name": "django",
    "slug": "django"
  }
},
{
  "model": "taggit.tag",
  "pk": 3,
  "fields": {
    "name": "jazz",
    "slug": "jazz"
  }
},
{
  "model": "taggit.tag",
  "pk": 5,
  "fields": {
    "name": "python",
    "slug": "python"
  }
},
{
  "model": "taggit.tag",
  "pk": 6,
  "fields": {
    "name": "programming",
    "slug": "programming"
  }
},
{
  "model": "taggit.tag",
  "pk": 7,
  "fields": {
    "name": "iot",
    "slug": "iot"
  }
},
{
  "model": "taggit.tag",
  "pk": 8,
  "fields": {
    "name": "security",
    "slug": "security"
  }
},
{
  "model": "taggit.tag",
  "pk": 9,
  "fields": {
    "name": "oop",
    "slug": "oop"
  }
},
{
  "model": "taggit.tag",
  "pk": 10,
  "fields": {
    "name": "web",
    "slug": "web"
  }
},
{
  "model": "taggit.tag",
  "pk": 11,
  "fields": {
    "name": "Enafor",
    "slug": "enafor"
  }
},
{
  "model": "taggit.taggeditem",
  "pk": 1,
  "fields": {
    "tag": 1,
    "content_type": 7,
    "object_id": 1
  }
},
{
  "model": "taggit.taggeditem",
  "pk": 3,
  "fields": {
    "tag": 3,
    "content_type": 7,
    "object_id": 1
  }
},
{
  "model": "taggit.taggeditem",
  "pk": 5,
  "fields": {
    "tag": 2,
    "content_type": 7,
    "object_id": 5
  }
},
{
  "model": "taggit.taggeditem",
  "pk": 6,
  "fields": {
    "tag": 5,
    "content_type": 7,
    "object_id": 5
  }
},
{
  "model": "taggit.taggeditem",
  "pk": 7,
  "fields": {
    "tag": 2,
    "content_type": 7,
    "object_id": 2
  }
},
{
  "model": "taggit.taggeditem",
  "pk": 8,
  "fields": {
    "tag": 6,
    "content_type": 7,
    "object_id": 2
  }
},
{
  "model": "taggit.taggeditem",
  "pk": 9,
  "fields": {
    "tag": 2,
    "content_type": 7,
    "object_id": 7
  }
},
{
  "model": "taggit.taggeditem",
  "pk": 10,
  "fields": {
    "tag": 5,
    "content_type": 7,
    "object_id": 7
  }
},
{
  "model": "taggit.taggeditem",
  "pk": 11,
  "fields": {
    "tag": 5,
    "content_type": 7,
    "object_id": 8
  }
},
{
  "model": "taggit.taggeditem",
  "pk": 12,
  "fields": {
    "tag": 8,
    "content_type": 7,
    "object_id": 9
  }
},
{
  "model": "taggit.taggeditem",
  "pk": 13,
  "fields": {
    "tag": 7,
    "content_type": 7,
    "object_id": 9
  }
},
{
  "model": "taggit.taggeditem",
  "pk": 14,
  "fields": {
    "tag": 9,
    "content_type": 7,
    "object_id": 10
  }
},
{
  "model": "taggit.taggeditem",
  "pk": 15,
  "fields": {
    "tag": 5,
    "content_type": 7,
    "object_id": 10
  }
},
{
  "model": "taggit.taggeditem",
  "pk": 16,
  "fields": {
    "tag": 2,
    "content_type": 7,
    "object_id": 11
  }
},
{
  "model": "taggit.taggeditem",
  "pk": 17,
  "fields": {
    "tag": 5,
    "content_type": 7,
    "object_id": 11
  }
},
{
  "model": "taggit.taggeditem",
  "pk": 18,
  "fields": {
    "tag": 8,
    "content_type": 7,
    "object_id": 12
  }
},
{
  "model": "taggit.taggeditem",
  "pk": 19,
  "fields": {
    "tag": 7,
    "content_type": 7,
    "object_id": 12
  }
},
{
  "model": "taggit.taggeditem",
  "pk": 20,
  "fields": {
    "tag": 5,
    "content_type": 7,
    "object_id": 13
  }
},
{
  "model": "taggit.taggeditem",
  "pk": 21,
  "fields": {
    "tag": 5,
    "content_type": 7,
    "object_id": 14
  }
},
{
  "model": "taggit.taggeditem",
  "pk": 22,
  "fields": {
    "tag": 5,
    "content_type": 7,
    "object_id": 15
  }
},
{
  "model": "taggit.taggeditem",
  "pk": 23,
  "fields": {
    "tag": 5,
    "content_type": 7,
    "object_id": 16
  }
},
{
  "model": "taggit.taggeditem",
  "pk": 24,
  "fields": {
    "tag": 2,
    "content_type": 7,
    "object_id": 17
  }
},
{
  "model": "taggit.taggeditem",
  "pk": 25,
  "fields": {
    "tag": 5,
    "content_type": 7,
    "object_id": 17
  }
},
{
  "model": "taggit.taggeditem",
  "pk": 26,
  "fields": {
    "tag": 9,
    "content_type": 7,
    "object_id": 18
  }
},
{
  "model": "taggit.taggeditem",
  "pk": 27,
  "fields": {
    "tag": 5,
    "content_type": 7,
    "object_id": 18
  }
},
{
  "model": "taggit.taggeditem",
  "pk": 28,
  "fields": {
    "tag": 2,
    "content_type": 7,
    "object_id": 19
  }
},
{
  "model": "taggit.taggeditem",
  "pk": 29,
  "fields": {
    "tag": 5,
    "content_type": 7,
    "object_id": 19
  }
},
{
  "model": "taggit.taggeditem",
  "pk": 30,
  "fields": {
    "tag": 2,
    "content_type": 7,
    "object_id": 20
  }
},
{
  "model": "taggit.taggeditem",
  "pk": 31,
  "fields": {
    "tag": 5,
    "content_type": 7,
    "object_id": 20
  }
},
{
  "model": "taggit.taggeditem",
  "pk": 32,
  "fields": {
    "tag": 2,
    "content_type": 7,
    "object_id": 21
  }
},
{
  "model": "taggit.taggeditem",
  "pk": 33,
  "fields": {
    "tag": 5,
    "content_type": 7,
    "object_id": 21
  }
},
{
  "model": "taggit.taggeditem",
  "pk": 34,
  "fields": {
    "tag": 10,
    "content_type": 7,
    "object_id": 22
  }
},
{
  "model": "taggit.taggeditem",
  "pk": 35,
  "fields": {
    "tag": 2,
    "content_type": 7,
    "object_id": 23
  }
},
{
  "model": "taggit.taggeditem",
  "pk": 36,
  "fields": {
    "tag": 5,
    "content_type": 7,
    "object_id": 23
  }
},
{
  "model": "taggit.taggeditem",
  "pk": 37,
  "fields": {
    "tag": 8,
    "content_type": 7,
    "object_id": 24
  }
},
{
  "model": "taggit.taggeditem",
  "pk": 38,
  "fields": {
    "tag": 7,
    "content_type": 7,
    "object_id": 24
  }
},
{
  "model": "taggit.taggeditem",
  "pk": 39,
  "fields": {
    "tag": 2,
    "content_type": 7,
    "object_id": 25
  }
},
{
  "model": "taggit.taggeditem",
  "pk": 40,
  "fields": {
    "tag": 5,
    "content_type": 7,
    "object_id": 25
  }
},
{
  "model": "taggit.taggeditem",
  "pk": 41,
  "fields": {
    "tag": 2,
    "content_type": 7,
    "object_id": 26
  }
},
{
  "model": "taggit.taggeditem",
  "pk": 42,
  "fields": {
    "tag": 5,
    "content_type": 7,
    "object_id": 26
  }
},
{
  "model": "taggit.taggeditem",
  "pk": 43,
  "fields": {
    "tag": 5,
    "content_type": 7,
    "object_id": 27
  }
},
{
  "model": "taggit.taggeditem",
  "pk": 44,
  "fields": {
    "tag": 5,
    "content_type": 7,
    "object_id": 28
  }
},
{
  "model": "taggit.taggeditem",
  "pk": 45,
  "fields": {
    "tag": 2,
    "content_type": 7,
    "object_id": 29
  }
},
{
  "model": "taggit.taggeditem",
  "pk": 46,
  "fields": {
    "tag": 5,
    "content_type": 7,
    "object_id": 29
  }
},
{
  "model": "taggit.taggeditem",
  "pk": 47,
  "fields": {
    "tag": 10,
    "content_type": 7,
    "object_id": 30
  }
},
{
  "model": "taggit.taggeditem",
  "pk": 48,
  "fields": {
    "tag": 2,
    "content_type": 7,
    "object_id": 31
  }
},
{
  "model": "taggit.taggeditem",
  "pk": 49,
  "fields": {
    "tag": 5,
    "content_type": 7,
    "object_id": 31
  }
},
{
  "model": "taggit.taggeditem",
  "pk": 50,
  "fields": {
    "tag": 2,
    "content_type": 7,
    "object_id": 32
  }
},
{
  "model": "taggit.taggeditem",
  "pk": 51,
  "fields": {
    "tag": 5,
    "content_type": 7,
    "object_id": 32
  }
},
{
  "model": "taggit.taggeditem",
  "pk": 52,
  "fields": {
    "tag": 8,
    "content_type": 7,
    "object_id": 33
  }
},
{
  "model": "taggit.taggeditem",
  "pk": 53,
  "fields": {
    "tag": 7,
    "content_type": 7,
    "object_id": 33
  }
},
{
  "model": "taggit.taggeditem",
  "pk": 54,
  "fields": {
    "tag": 5,
    "content_type": 7,
    "object_id": 34
  }
},
{
  "model": "taggit.taggeditem",
  "pk": 55,
  "fields": {
    "tag": 8,
    "content_type": 7,
    "object_id": 35
  }
},
{
  "model": "taggit.taggeditem",
  "pk": 56,
  "fields": {
    "tag": 7,
    "content_type": 7,
    "object_id": 35
  }
},
{
  "model": "taggit.taggeditem",
  "pk": 57,
  "fields": {
    "tag": 2,
    "content_type": 7,
    "object_id": 36
  }
},
{
  "model": "taggit.taggeditem",
  "pk": 58,
  "fields": {
    "tag": 5,
    "content_type": 7,
    "object_id": 36
  }
},
{
  "model": "taggit.taggeditem",
  "pk": 59,
  "fields": {
    "tag": 2,
    "content_type": 7,
    "object_id": 37
  }
},
{
  "model": "taggit.taggeditem",
  "pk": 60,
  "fields": {
    "tag": 5,
    "content_type": 7,
    "object_id": 37
  }
},
{
  "model": "taggit.taggeditem",
  "pk": 61,
  "fields": {
    "tag": 2,
    "content_type": 7,
    "object_id": 38
  }
},
{
  "model": "taggit.taggeditem",
  "pk": 62,
  "fields": {
    "tag": 5,
    "content_type": 7,
    "object_id": 38
  }
},
{
  "model": "taggit.taggeditem",
  "pk": 63,
  "fields": {
    "tag": 2,
    "content_type": 7,
    "object_id": 39
  }
},
{
  "model": "taggit.taggeditem",
  "pk": 64,
  "fields": {
    "tag": 5,
    "content_type": 7,
    "object_id": 39
  }
},
{
  "model": "taggit.taggeditem",
  "pk": 65,
  "fields": {
    "tag": 2,
    "content_type": 7,
    "object_id": 40
  }
},
{
  "model": "taggit.taggeditem",
  "pk": 66,
  "fields": {
    "tag": 5,
    "content_type": 7,
    "object_id": 40
  }
},
{
  "model": "taggit.taggeditem",
  "pk": 67,
  "fields": {
    "tag": 9,
    "content_type": 7,
    "object_id": 41
  }
},
{
  "model": "taggit.taggeditem",
  "pk": 68,
  "fields": {
    "tag": 5,
    "content_type": 7,
    "object_id": 41
  }
},
{
  "model": "taggit.taggeditem",
  "pk": 69,
  "fields": {
    "tag": 2,
    "content_type": 7,
    "object_id": 42
  }
},
{
  "model": "taggit.taggeditem",
  "pk": 70,
  "fields": {
    "tag": 5,
    "content_type": 7,
    "object_id": 42
  }
},
{
  "model": "taggit.taggeditem",
  "pk": 71,
  "fields": {
    "tag": 2,
    "content_type": 7,
    "object_id": 43
  }
},
{
  "model": "taggit.taggeditem",
  "pk": 72,
  "fields": {
    "tag": 5,
    "content_type": 7,
    "object_id": 43
  }
},
{
  "model": "taggit.taggeditem",
  "pk": 73,
  "fields": {
    "tag": 5,
    "content_type": 7,
    "object_id": 44
  }
},
{
  "model": "taggit.taggeditem",
  "pk": 74,
  "fields": {
    "tag": 5,
    "content_type": 7,
    "object_id": 45
  }
},
{
  "model": "taggit.taggeditem",
  "pk": 75,
  "fields": {
    "tag": 11,
    "content_type": 7,
    "object_id": 46
  }
},
{
  "model": "sites.site",
  "pk": 1,
  "fields": {
    "domain": "http://127.0.0.1:8000/",
    "name": "http://127.0.0.1:8000/"
  }
}
]
